GHCN identifier,Station_name,Latitude,Longitude,Elevation,yearmonth,Precipitation_value,Measurement_flag,Quality_control_flag,Source_flag,Source_index
ASN00008286,                                 "WUNDI", -28.2750,  114.6761,   200.0,197204,    77, , ,D,001305
ASN00008286,                                 "WUNDI", -28.2750,  114.6761,   200.0,197205,   529, , ,D,001305
ASN00008286,                                 "WUNDI", -28.2750,  114.6761,   200.0,197206,   646, , ,D,001305
ASN00008286,                                 "WUNDI", -28.2750,  114.6761,   200.0,197207,  1148, , ,D,001305
ASN00008286,                                 "WUNDI", -28.2750,  114.6761,   200.0,197208,   589, , ,D,001305
ASN00008286,                                 "WUNDI", -28.2750,  114.6761,   200.0,197209,   201, , ,D,001305
ASN00008286,                                 "WUNDI", -28.2750,  114.6761,   200.0,197210,   289, , ,D,001305
ASN00008286,                                 "WUNDI", -28.2750,  114.6761,   200.0,197211,     0, , ,D,001305
ASN00008286,                                 "WUNDI", -28.2750,  114.6761,   200.0,197212,    10, , ,D,001305
ASN00008286,                                 "WUNDI", -28.2750,  114.6761,   200.0,197301,     0, , ,D,001305
ASN00008286,                                 "WUNDI", -28.2750,  114.6761,   200.0,197302,     8, , ,D,001305
ASN00008286,                                 "WUNDI", -28.2750,  114.6761,   200.0,197303,     0, , ,D,001305
ASN00008286,                                 "WUNDI", -28.2750,  114.6761,   200.0,197304,   120, , ,D,001305
ASN00008286,                                 "WUNDI", -28.2750,  114.6761,   200.0,197305,   414, , ,D,001305
ASN00008286,                                 "WUNDI", -28.2750,  114.6761,   200.0,197306,  1374, , ,D,001305
ASN00008286,                                 "WUNDI", -28.2750,  114.6761,   200.0,197307,  1028, , ,D,001305
ASN00008286,                                 "WUNDI", -28.2750,  114.6761,   200.0,197308,   465, , ,D,001305
ASN00008286,                                 "WUNDI", -28.2750,  114.6761,   200.0,197309,   493, , ,D,001305
ASN00008286,                                 "WUNDI", -28.2750,  114.6761,   200.0,197310,    56, , ,D,001305
ASN00008286,                                 "WUNDI", -28.2750,  114.6761,   200.0,197311,    81, , ,D,001305
ASN00008286,                                 "WUNDI", -28.2750,  114.6761,   200.0,197312,   142, , ,D,001305
ASN00008286,                                 "WUNDI", -28.2750,  114.6761,   200.0,197401,   521, , ,D,001305
ASN00008286,                                 "WUNDI", -28.2750,  114.6761,   200.0,197403,    30, , ,D,001305
ASN00008286,                                 "WUNDI", -28.2750,  114.6761,   200.0,197405,  1490, , ,D,001305
ASN00008286,                                 "WUNDI", -28.2750,  114.6761,   200.0,197406,   898, , ,D,001305
ASN00008286,                                 "WUNDI", -28.2750,  114.6761,   200.0,197407,  1451, , ,D,001305
ASN00008286,                                 "WUNDI", -28.2750,  114.6761,   200.0,197408,   679, , ,D,001305
ASN00008286,                                 "WUNDI", -28.2750,  114.6761,   200.0,197409,   828, , ,D,001305
ASN00008286,                                 "WUNDI", -28.2750,  114.6761,   200.0,197410,   329, , ,D,001305
ASN00008286,                                 "WUNDI", -28.2750,  114.6761,   200.0,197411,    32, , ,D,001305
ASN00008286,                                 "WUNDI", -28.2750,  114.6761,   200.0,197702,    50, , ,D,001305
ASN00008286,                                 "WUNDI", -28.2750,  114.6761,   200.0,197703,    50, , ,D,001305
ASN00008286,                                 "WUNDI", -28.2750,  114.6761,   200.0,197704,    76, , ,D,001305
ASN00008286,                                 "WUNDI", -28.2750,  114.6761,   200.0,197705,   438, , ,D,001305
ASN00008286,                                 "WUNDI", -28.2750,  114.6761,   200.0,197706,   649, , ,D,001305
ASN00008286,                                 "WUNDI", -28.2750,  114.6761,   200.0,197707,   229, , ,D,001305
ASN00008286,                                 "WUNDI", -28.2750,  114.6761,   200.0,197708,   444, , ,D,001305
ASN00008286,                                 "WUNDI", -28.2750,  114.6761,   200.0,197709,     8, , ,D,001305
ASN00008286,                                 "WUNDI", -28.2750,  114.6761,   200.0,197710,   168, , ,D,001305
ASN00008286,                                 "WUNDI", -28.2750,  114.6761,   200.0,197711,     4, , ,D,001305
ASN00008286,                                 "WUNDI", -28.2750,  114.6761,   200.0,197712,    50, , ,D,001305
ASN00008286,                                 "WUNDI", -28.2750,  114.6761,   200.0,197801,    63, , ,D,001305
ASN00008286,                                 "WUNDI", -28.2750,  114.6761,   200.0,197802,   106, , ,D,001305
ASN00008286,                                 "WUNDI", -28.2750,  114.6761,   200.0,197803,    40, , ,D,001305
ASN00008286,                                 "WUNDI", -28.2750,  114.6761,   200.0,197804,    82, , ,D,001305
ASN00008286,                                 "WUNDI", -28.2750,  114.6761,   200.0,197805,   310, , ,D,001305
ASN00008286,                                 "WUNDI", -28.2750,  114.6761,   200.0,197806,   780, , ,D,001305
ASN00008286,                                 "WUNDI", -28.2750,  114.6761,   200.0,197807,  1464, , ,D,001305
ASN00008286,                                 "WUNDI", -28.2750,  114.6761,   200.0,197808,   350, , ,D,001305
ASN00008286,                                 "WUNDI", -28.2750,  114.6761,   200.0,197809,   514, , ,D,001305
ASN00008286,                                 "WUNDI", -28.2750,  114.6761,   200.0,197810,   128, , ,D,001305
ASN00008286,                                 "WUNDI", -28.2750,  114.6761,   200.0,197811,    22, , ,D,001305
ASN00008286,                                 "WUNDI", -28.2750,  114.6761,   200.0,197812,     2, , ,D,001305
ASN00008286,                                 "WUNDI", -28.2750,  114.6761,   200.0,197901,     3, , ,D,001305
ASN00008286,                                 "WUNDI", -28.2750,  114.6761,   200.0,197902,    17, , ,D,001305
ASN00008286,                                 "WUNDI", -28.2750,  114.6761,   200.0,197903,   569, , ,D,001305
ASN00008286,                                 "WUNDI", -28.2750,  114.6761,   200.0,197904,   402, , ,D,001305
ASN00008286,                                 "WUNDI", -28.2750,  114.6761,   200.0,197905,   302, , ,D,001305
ASN00008286,                                 "WUNDI", -28.2750,  114.6761,   200.0,197906,   522, , ,D,001305
ASN00008286,                                 "WUNDI", -28.2750,  114.6761,   200.0,197907,   134, , ,D,001305
ASN00008286,                                 "WUNDI", -28.2750,  114.6761,   200.0,197908,   526, , ,D,001305
ASN00008286,                                 "WUNDI", -28.2750,  114.6761,   200.0,197909,    90, , ,D,001305
ASN00008286,                                 "WUNDI", -28.2750,  114.6761,   200.0,197910,    16, , ,D,001305
ASN00008286,                                 "WUNDI", -28.2750,  114.6761,   200.0,197911,   106, , ,D,001305
ASN00008286,                                 "WUNDI", -28.2750,  114.6761,   200.0,197912,    13, , ,D,001305
ASN00008286,                                 "WUNDI", -28.2750,  114.6761,   200.0,198001,     4, , ,D,001305
ASN00008286,                                 "WUNDI", -28.2750,  114.6761,   200.0,198002,    84, , ,D,001305
ASN00008286,                                 "WUNDI", -28.2750,  114.6761,   200.0,198003,    20, , ,D,001305
ASN00008286,                                 "WUNDI", -28.2750,  114.6761,   200.0,198004,   234, , ,D,001305
ASN00008286,                                 "WUNDI", -28.2750,  114.6761,   200.0,198005,   530, , ,D,001305
ASN00008286,                                 "WUNDI", -28.2750,  114.6761,   200.0,198006,   984, , ,D,001305
ASN00008286,                                 "WUNDI", -28.2750,  114.6761,   200.0,198007,   550, , ,D,001305
ASN00008286,                                 "WUNDI", -28.2750,  114.6761,   200.0,198008,   413, , ,D,001305
ASN00008286,                                 "WUNDI", -28.2750,  114.6761,   200.0,198009,   202, , ,D,001305
ASN00008286,                                 "WUNDI", -28.2750,  114.6761,   200.0,198010,   189, , ,D,001305
ASN00008286,                                 "WUNDI", -28.2750,  114.6761,   200.0,198011,    62, , ,D,001305
ASN00008286,                                 "WUNDI", -28.2750,  114.6761,   200.0,198101,    28, , ,D,001305
ASN00008286,                                 "WUNDI", -28.2750,  114.6761,   200.0,198102,    14, , ,D,001305
ASN00008286,                                 "WUNDI", -28.2750,  114.6761,   200.0,198103,    61, , ,D,001305
ASN00008286,                                 "WUNDI", -28.2750,  114.6761,   200.0,198104,     4, , ,D,001305
ASN00008286,                                 "WUNDI", -28.2750,  114.6761,   200.0,198105,  1166, , ,D,001305
ASN00008286,                                 "WUNDI", -28.2750,  114.6761,   200.0,198106,  1321, , ,D,001305
ASN00008286,                                 "WUNDI", -28.2750,  114.6761,   200.0,198107,   580, , ,D,001305
ASN00008286,                                 "WUNDI", -28.2750,  114.6761,   200.0,198108,   846, , ,D,001305
ASN00008286,                                 "WUNDI", -28.2750,  114.6761,   200.0,198109,   116, , ,D,001305
ASN00008286,                                 "WUNDI", -28.2750,  114.6761,   200.0,198110,    52, , ,D,001305
ASN00008286,                                 "WUNDI", -28.2750,  114.6761,   200.0,198111,   100, , ,D,001305
ASN00008286,                                 "WUNDI", -28.2750,  114.6761,   200.0,198112,    34, , ,D,001305
ASN00008286,                                 "WUNDI", -28.2750,  114.6761,   200.0,198201,   128, , ,D,001305
ASN00008286,                                 "WUNDI", -28.2750,  114.6761,   200.0,198202,   110, , ,D,001305
ASN00008286,                                 "WUNDI", -28.2750,  114.6761,   200.0,198203,    44, , ,D,001305
ASN00008286,                                 "WUNDI", -28.2750,  114.6761,   200.0,198204,    14, , ,D,001305
ASN00008286,                                 "WUNDI", -28.2750,  114.6761,   200.0,198205,   664, , ,D,001305
ASN00008286,                                 "WUNDI", -28.2750,  114.6761,   200.0,198206,  1265, , ,D,001305
ASN00008286,                                 "WUNDI", -28.2750,  114.6761,   200.0,198207,   470, , ,D,001305
ASN00008286,                                 "WUNDI", -28.2750,  114.6761,   200.0,198208,   380, , ,D,001305
ASN00008286,                                 "WUNDI", -28.2750,  114.6761,   200.0,198209,   537, , ,D,001305
ASN00008286,                                 "WUNDI", -28.2750,  114.6761,   200.0,198210,    92, , ,D,001305
ASN00008286,                                 "WUNDI", -28.2750,  114.6761,   200.0,198211,    46, , ,D,001305
ASN00008286,                                 "WUNDI", -28.2750,  114.6761,   200.0,198301,    10, , ,D,001305
ASN00008286,                                 "WUNDI", -28.2750,  114.6761,   200.0,198302,     4, , ,D,001305
ASN00008286,                                 "WUNDI", -28.2750,  114.6761,   200.0,198303,    38, , ,D,001305
ASN00008286,                                 "WUNDI", -28.2750,  114.6761,   200.0,198304,    12, , ,D,001305
ASN00008286,                                 "WUNDI", -28.2750,  114.6761,   200.0,198305,   138, , ,D,001305
ASN00008286,                                 "WUNDI", -28.2750,  114.6761,   200.0,198306,  1136, , ,D,001305
ASN00008286,                                 "WUNDI", -28.2750,  114.6761,   200.0,198307,   834, , ,D,001305
ASN00008286,                                 "WUNDI", -28.2750,  114.6761,   200.0,198308,   912, , ,D,001305
ASN00008286,                                 "WUNDI", -28.2750,  114.6761,   200.0,198309,   564, , ,D,001305
ASN00008286,                                 "WUNDI", -28.2750,  114.6761,   200.0,198310,    46, , ,D,001305
ASN00008286,                                 "WUNDI", -28.2750,  114.6761,   200.0,198311,   174, , ,D,001305
ASN00008286,                                 "WUNDI", -28.2750,  114.6761,   200.0,198312,   407, , ,D,001305
ASN00008286,                                 "WUNDI", -28.2750,  114.6761,   200.0,198401,    10, , ,D,001305
ASN00008286,                                 "WUNDI", -28.2750,  114.6761,   200.0,198402,   198, , ,D,001305
ASN00008286,                                 "WUNDI", -28.2750,  114.6761,   200.0,198403,   342, , ,D,001305
ASN00008286,                                 "WUNDI", -28.2750,  114.6761,   200.0,198404,   706, , ,D,001305
ASN00008286,                                 "WUNDI", -28.2750,  114.6761,   200.0,198405,  1381, , ,D,001305
ASN00008286,                                 "WUNDI", -28.2750,  114.6761,   200.0,198406,   642, , ,D,001305
ASN00008286,                                 "WUNDI", -28.2750,  114.6761,   200.0,198407,   466, , ,D,001305
ASN00008286,                                 "WUNDI", -28.2750,  114.6761,   200.0,198408,   607, , ,D,001305
ASN00008286,                                 "WUNDI", -28.2750,  114.6761,   200.0,198409,   255, , ,D,001305
ASN00008286,                                 "WUNDI", -28.2750,  114.6761,   200.0,198410,   112, , ,D,001305
ASN00008286,                                 "WUNDI", -28.2750,  114.6761,   200.0,198411,   190, , ,D,001305
ASN00008286,                                 "WUNDI", -28.2750,  114.6761,   200.0,198412,    26, , ,D,001305
ASN00008286,                                 "WUNDI", -28.2750,  114.6761,   200.0,198601,     2, , ,D,001305
ASN00008286,                                 "WUNDI", -28.2750,  114.6761,   200.0,198602,   714, , ,D,001305
ASN00008286,                                 "WUNDI", -28.2750,  114.6761,   200.0,198603,    51, , ,D,001305
ASN00008286,                                 "WUNDI", -28.2750,  114.6761,   200.0,198604,    24, , ,D,001305
ASN00008286,                                 "WUNDI", -28.2750,  114.6761,   200.0,198901,    14, , ,D,001305
ASN00008286,                                 "WUNDI", -28.2750,  114.6761,   200.0,198902,   358, , ,D,001305
ASN00008286,                                 "WUNDI", -28.2750,  114.6761,   200.0,198903,     2, , ,D,001305
ASN00008286,                                 "WUNDI", -28.2750,  114.6761,   200.0,198904,   220, , ,D,001305
ASN00008286,                                 "WUNDI", -28.2750,  114.6761,   200.0,198905,  1126, , ,D,001305
ASN00008286,                                 "WUNDI", -28.2750,  114.6761,   200.0,198906,   674, , ,D,001305
ASN00008286,                                 "WUNDI", -28.2750,  114.6761,   200.0,198907,   576, , ,D,001305
ASN00008286,                                 "WUNDI", -28.2750,  114.6761,   200.0,198908,   292, , ,D,001305
ASN00008286,                                 "WUNDI", -28.2750,  114.6761,   200.0,198909,   230, , ,D,001305
ASN00008286,                                 "WUNDI", -28.2750,  114.6761,   200.0,198910,   240, , ,D,001305
ASN00008286,                                 "WUNDI", -28.2750,  114.6761,   200.0,198911,     2, , ,D,001305
ASN00008286,                                 "WUNDI", -28.2750,  114.6761,   200.0,198912,     0, , ,D,001305
ASN00008286,                                 "WUNDI", -28.2750,  114.6761,   200.0,199001,   610, , ,D,001305
ASN00008286,                                 "WUNDI", -28.2750,  114.6761,   200.0,199002,    20, , ,D,001305
ASN00008286,                                 "WUNDI", -28.2750,  114.6761,   200.0,199003,    40, , ,D,001305
ASN00008286,                                 "WUNDI", -28.2750,  114.6761,   200.0,199004,   240, , ,D,001305
ASN00008286,                                 "WUNDI", -28.2750,  114.6761,   200.0,199005,   444, , ,D,001305
ASN00008286,                                 "WUNDI", -28.2750,  114.6761,   200.0,199006,   676, , ,D,001305
ASN00008286,                                 "WUNDI", -28.2750,  114.6761,   200.0,199007,   528, , ,D,001305
ASN00008286,                                 "WUNDI", -28.2750,  114.6761,   200.0,199008,   430, , ,D,001305
ASN00008286,                                 "WUNDI", -28.2750,  114.6761,   200.0,199009,   194, , ,D,001305
ASN00008286,                                 "WUNDI", -28.2750,  114.6761,   200.0,199010,   146, , ,D,001305
ASN00008286,                                 "WUNDI", -28.2750,  114.6761,   200.0,199011,    12, , ,D,001305
ASN00008286,                                 "WUNDI", -28.2750,  114.6761,   200.0,199012,    90, , ,D,001305
ASN00008286,                                 "WUNDI", -28.2750,  114.6761,   200.0,199101,     2, , ,D,001305
ASN00008286,                                 "WUNDI", -28.2750,  114.6761,   200.0,199102,   144, , ,D,001305
ASN00008286,                                 "WUNDI", -28.2750,  114.6761,   200.0,199103,   120, , ,D,001305
ASN00008286,                                 "WUNDI", -28.2750,  114.6761,   200.0,199104,   466, , ,D,001305
ASN00008286,                                 "WUNDI", -28.2750,  114.6761,   200.0,199105,   390, , ,D,001305
ASN00008286,                                 "WUNDI", -28.2750,  114.6761,   200.0,199106,  1032, , ,D,001305
ASN00008286,                                 "WUNDI", -28.2750,  114.6761,   200.0,199107,   942, , ,D,001305
ASN00008286,                                 "WUNDI", -28.2750,  114.6761,   200.0,199108,   296, , ,D,001305
ASN00008286,                                 "WUNDI", -28.2750,  114.6761,   200.0,199109,   308, , ,D,001305
ASN00008286,                                 "WUNDI", -28.2750,  114.6761,   200.0,199110,   260, , ,D,001305
ASN00008286,                                 "WUNDI", -28.2750,  114.6761,   200.0,199111,   302, , ,D,001305
ASN00008286,                                 "WUNDI", -28.2750,  114.6761,   200.0,199112,   118, , ,D,001305
ASN00008286,                                 "WUNDI", -28.2750,  114.6761,   200.0,199201,     0, , ,D,001305
ASN00008286,                                 "WUNDI", -28.2750,  114.6761,   200.0,199202,     4, , ,D,001305
ASN00008286,                                 "WUNDI", -28.2750,  114.6761,   200.0,199203,   476, , ,D,001305
ASN00008286,                                 "WUNDI", -28.2750,  114.6761,   200.0,199204,   324, , ,D,001305
ASN00008286,                                 "WUNDI", -28.2750,  114.6761,   200.0,199205,    86, , ,D,001305
ASN00008286,                                 "WUNDI", -28.2750,  114.6761,   200.0,199206,   758, , ,D,001305
ASN00008286,                                 "WUNDI", -28.2750,  114.6761,   200.0,199207,   190, , ,D,001305
ASN00008286,                                 "WUNDI", -28.2750,  114.6761,   200.0,199208,  1722, , ,D,001305
ASN00008286,                                 "WUNDI", -28.2750,  114.6761,   200.0,199209,   434, , ,D,001305
ASN00008286,                                 "WUNDI", -28.2750,  114.6761,   200.0,199210,   136, , ,D,001305
ASN00008286,                                 "WUNDI", -28.2750,  114.6761,   200.0,199211,   168, , ,D,001305
ASN00008286,                                 "WUNDI", -28.2750,  114.6761,   200.0,199212,    28, , ,D,001305
ASN00008286,                                 "WUNDI", -28.2750,  114.6761,   200.0,199301,     0, , ,D,001305
ASN00008286,                                 "WUNDI", -28.2750,  114.6761,   200.0,199302,   184, , ,D,001305
ASN00008286,                                 "WUNDI", -28.2750,  114.6761,   200.0,199303,    92, , ,D,001305
ASN00008286,                                 "WUNDI", -28.2750,  114.6761,   200.0,199304,    32, , ,D,001305
ASN00008286,                                 "WUNDI", -28.2750,  114.6761,   200.0,199305,   836, , ,D,001305
ASN00008286,                                 "WUNDI", -28.2750,  114.6761,   200.0,199306,   410, , ,D,001305
ASN00008286,                                 "WUNDI", -28.2750,  114.6761,   200.0,199307,   770, , ,D,001305
ASN00008286,                                 "WUNDI", -28.2750,  114.6761,   200.0,199308,   688, , ,D,001305
ASN00008286,                                 "WUNDI", -28.2750,  114.6761,   200.0,199309,   504, , ,D,001305
ASN00008286,                                 "WUNDI", -28.2750,  114.6761,   200.0,199310,   212, , ,D,001305
ASN00008286,                                 "WUNDI", -28.2750,  114.6761,   200.0,199311,   292, , ,D,001305
ASN00008286,                                 "WUNDI", -28.2750,  114.6761,   200.0,199312,     4, , ,D,001305
ASN00008286,                                 "WUNDI", -28.2750,  114.6761,   200.0,199401,     0, , ,D,001305
ASN00008286,                                 "WUNDI", -28.2750,  114.6761,   200.0,199402,   354, , ,D,001305
ASN00008286,                                 "WUNDI", -28.2750,  114.6761,   200.0,199403,     4, , ,D,001305
ASN00008286,                                 "WUNDI", -28.2750,  114.6761,   200.0,199404,     0, , ,D,001305
ASN00008286,                                 "WUNDI", -28.2750,  114.6761,   200.0,199405,   712, , ,D,001305
ASN00008286,                                 "WUNDI", -28.2750,  114.6761,   200.0,199406,   718, , ,D,001305
ASN00008286,                                 "WUNDI", -28.2750,  114.6761,   200.0,199407,   482, , ,D,001305
ASN00008286,                                 "WUNDI", -28.2750,  114.6761,   200.0,199408,   600, , ,D,001305
ASN00008286,                                 "WUNDI", -28.2750,  114.6761,   200.0,199409,   224, , ,D,001305
ASN00008286,                                 "WUNDI", -28.2750,  114.6761,   200.0,199410,    84, , ,D,001305
ASN00008286,                                 "WUNDI", -28.2750,  114.6761,   200.0,199411,     0, , ,D,001305
ASN00008286,                                 "WUNDI", -28.2750,  114.6761,   200.0,199412,     8, , ,D,001305
ASN00008286,                                 "WUNDI", -28.2750,  114.6761,   200.0,199501,    34, , ,D,001305
ASN00008286,                                 "WUNDI", -28.2750,  114.6761,   200.0,199502,    60, , ,D,001305
ASN00008286,                                 "WUNDI", -28.2750,  114.6761,   200.0,199503,   358, , ,D,001305
ASN00008286,                                 "WUNDI", -28.2750,  114.6761,   200.0,199504,   410, , ,D,001305
ASN00008286,                                 "WUNDI", -28.2750,  114.6761,   200.0,199505,   332, , ,D,001305
ASN00008286,                                 "WUNDI", -28.2750,  114.6761,   200.0,199506,   622, , ,D,001305
ASN00008286,                                 "WUNDI", -28.2750,  114.6761,   200.0,199507,  1272, , ,D,001305
ASN00008286,                                 "WUNDI", -28.2750,  114.6761,   200.0,199508,   158, , ,D,001305
ASN00008286,                                 "WUNDI", -28.2750,  114.6761,   200.0,199509,   278, , ,D,001305
ASN00008286,                                 "WUNDI", -28.2750,  114.6761,   200.0,199510,   112, , ,D,001305
ASN00008286,                                 "WUNDI", -28.2750,  114.6761,   200.0,199511,   326, , ,D,001305
ASN00008286,                                 "WUNDI", -28.2750,  114.6761,   200.0,199512,    54, , ,D,001305
ASN00008286,                                 "WUNDI", -28.2750,  114.6761,   200.0,199601,     8, , ,D,001305
ASN00008286,                                 "WUNDI", -28.2750,  114.6761,   200.0,199602,   200, , ,D,001305
ASN00008286,                                 "WUNDI", -28.2750,  114.6761,   200.0,199603,    36, , ,D,001305
ASN00008286,                                 "WUNDI", -28.2750,  114.6761,   200.0,199604,   296, , ,D,001305
ASN00008286,                                 "WUNDI", -28.2750,  114.6761,   200.0,199606,  1012, , ,D,001305
ASN00008286,                                 "WUNDI", -28.2750,  114.6761,   200.0,199607,  1740, , ,D,001305
ASN00008286,                                 "WUNDI", -28.2750,  114.6761,   200.0,199608,   756, , ,D,001305
ASN00008286,                                 "WUNDI", -28.2750,  114.6761,   200.0,199609,   486, , ,D,001305
ASN00008286,                                 "WUNDI", -28.2750,  114.6761,   200.0,199610,   114, , ,D,001305
ASN00008286,                                 "WUNDI", -28.2750,  114.6761,   200.0,199611,   356, , ,D,001305
ASN00008286,                                 "WUNDI", -28.2750,  114.6761,   200.0,199612,    34, , ,D,001305
ASN00008286,                                 "WUNDI", -28.2750,  114.6761,   200.0,199701,     0, , ,D,001305
ASN00008286,                                 "WUNDI", -28.2750,  114.6761,   200.0,199702,   114, , ,D,001305
ASN00008286,                                 "WUNDI", -28.2750,  114.6761,   200.0,199703,    42, , ,D,001305
ASN00008286,                                 "WUNDI", -28.2750,  114.6761,   200.0,199704,   884, , ,D,001305
ASN00008286,                                 "WUNDI", -28.2750,  114.6761,   200.0,199705,   466, , ,D,001305
ASN00008286,                                 "WUNDI", -28.2750,  114.6761,   200.0,199706,   438, , ,D,001305
ASN00008286,                                 "WUNDI", -28.2750,  114.6761,   200.0,199707,   878, , ,D,001305
ASN00008286,                                 "WUNDI", -28.2750,  114.6761,   200.0,199708,   766, , ,D,001305
ASN00008286,                                 "WUNDI", -28.2750,  114.6761,   200.0,199709,   476, , ,D,001305
ASN00008286,                                 "WUNDI", -28.2750,  114.6761,   200.0,199710,   204, , ,D,001305
ASN00008286,                                 "WUNDI", -28.2750,  114.6761,   200.0,199711,   144, , ,D,001305
ASN00008286,                                 "WUNDI", -28.2750,  114.6761,   200.0,199712,     0, , ,D,001305
ASN00008286,                                 "WUNDI", -28.2750,  114.6761,   200.0,199801,    10, , ,D,001305
ASN00008286,                                 "WUNDI", -28.2750,  114.6761,   200.0,199802,     0, , ,D,001305
ASN00008286,                                 "WUNDI", -28.2750,  114.6761,   200.0,199803,    44, , ,D,001305
ASN00008286,                                 "WUNDI", -28.2750,  114.6761,   200.0,199804,    84, , ,D,001305
ASN00008286,                                 "WUNDI", -28.2750,  114.6761,   200.0,199805,  1014, , ,D,001305
ASN00008286,                                 "WUNDI", -28.2750,  114.6761,   200.0,199806,  1366, , ,D,001305
ASN00008286,                                 "WUNDI", -28.2750,  114.6761,   200.0,199807,  1037, , ,D,001305
ASN00008286,                                 "WUNDI", -28.2750,  114.6761,   200.0,199808,   254, , ,D,001305
ASN00008286,                                 "WUNDI", -28.2750,  114.6761,   200.0,199809,   370, , ,D,001305
ASN00008286,                                 "WUNDI", -28.2750,  114.6761,   200.0,199810,   150, , ,D,001305
ASN00008286,                                 "WUNDI", -28.2750,  114.6761,   200.0,199811,     6, , ,D,001305
ASN00008286,                                 "WUNDI", -28.2750,  114.6761,   200.0,199901,     0, , ,D,001305
ASN00008286,                                 "WUNDI", -28.2750,  114.6761,   200.0,199902,    38, , ,D,001305
ASN00008286,                                 "WUNDI", -28.2750,  114.6761,   200.0,199903,   290, , ,D,001305
ASN00008286,                                 "WUNDI", -28.2750,  114.6761,   200.0,199904,   214, , ,D,001305
ASN00008286,                                 "WUNDI", -28.2750,  114.6761,   200.0,199905,  2384, , ,D,001305
ASN00008286,                                 "WUNDI", -28.2750,  114.6761,   200.0,199906,   428, , ,D,001305
ASN00008286,                                 "WUNDI", -28.2750,  114.6761,   200.0,199907,   776, , ,D,001305
ASN00008286,                                 "WUNDI", -28.2750,  114.6761,   200.0,199908,   468, , ,D,001305
ASN00008286,                                 "WUNDI", -28.2750,  114.6761,   200.0,199909,   770, , ,D,001305
ASN00008286,                                 "WUNDI", -28.2750,  114.6761,   200.0,199910,   174, , ,D,001305
ASN00008286,                                 "WUNDI", -28.2750,  114.6761,   200.0,199911,     4, , ,D,001305
ASN00008286,                                 "WUNDI", -28.2750,  114.6761,   200.0,199912,    16, , ,D,001305
ASN00008286,                                 "WUNDI", -28.2750,  114.6761,   200.0,200001,    50, , ,D,001305
ASN00008286,                                 "WUNDI", -28.2750,  114.6761,   200.0,200002,     0, , ,D,001305
ASN00008286,                                 "WUNDI", -28.2750,  114.6761,   200.0,200003,  1622, , ,D,001305
ASN00008286,                                 "WUNDI", -28.2750,  114.6761,   200.0,200004,   296, , ,D,001305
ASN00008286,                                 "WUNDI", -28.2750,  114.6761,   200.0,200005,   150, , ,D,001305
ASN00008286,                                 "WUNDI", -28.2750,  114.6761,   200.0,200006,   338, , ,D,001305
ASN00008286,                                 "WUNDI", -28.2750,  114.6761,   200.0,200007,   624, , ,D,001305
ASN00008286,                                 "WUNDI", -28.2750,  114.6761,   200.0,200008,   694, , ,D,001305
ASN00008286,                                 "WUNDI", -28.2750,  114.6761,   200.0,200009,   352, , ,D,001305
ASN00008286,                                 "WUNDI", -28.2750,  114.6761,   200.0,200010,    48, , ,D,001305
ASN00008286,                                 "WUNDI", -28.2750,  114.6761,   200.0,200011,    34, , ,D,001305
ASN00008286,                                 "WUNDI", -28.2750,  114.6761,   200.0,200012,     0, , ,D,001305
ASN00008286,                                 "WUNDI", -28.2750,  114.6761,   200.0,200101,    38, , ,D,001305
ASN00008286,                                 "WUNDI", -28.2750,  114.6761,   200.0,200102,    50, , ,D,001305
ASN00008286,                                 "WUNDI", -28.2750,  114.6761,   200.0,200103,    14, , ,D,001305
ASN00008286,                                 "WUNDI", -28.2750,  114.6761,   200.0,200104,    80, , ,D,001305
ASN00008286,                                 "WUNDI", -28.2750,  114.6761,   200.0,200105,   660, , ,D,001305
ASN00008286,                                 "WUNDI", -28.2750,  114.6761,   200.0,200106,   286, , ,D,001305
ASN00008286,                                 "WUNDI", -28.2750,  114.6761,   200.0,200107,  1252, , ,D,001305
ASN00008286,                                 "WUNDI", -28.2750,  114.6761,   200.0,200108,   378, , ,D,001305
ASN00008286,                                 "WUNDI", -28.2750,  114.6761,   200.0,200109,   566, , ,D,001305
ASN00008286,                                 "WUNDI", -28.2750,  114.6761,   200.0,200110,   410, , ,D,001305
ASN00008286,                                 "WUNDI", -28.2750,  114.6761,   200.0,200111,    58, , ,D,001305
ASN00008286,                                 "WUNDI", -28.2750,  114.6761,   200.0,200112,    27, , ,D,001305
ASN00008286,                                 "WUNDI", -28.2750,  114.6761,   200.0,200201,   114, , ,D,001305
ASN00008286,                                 "WUNDI", -28.2750,  114.6761,   200.0,200202,    30, , ,D,001305
ASN00008286,                                 "WUNDI", -28.2750,  114.6761,   200.0,200203,   200, , ,D,001305
ASN00008286,                                 "WUNDI", -28.2750,  114.6761,   200.0,200204,   254, , ,D,001305
ASN00008286,                                 "WUNDI", -28.2750,  114.6761,   200.0,200205,   314, , ,D,001305
ASN00008286,                                 "WUNDI", -28.2750,  114.6761,   200.0,200206,   656, , ,D,001305
ASN00008286,                                 "WUNDI", -28.2750,  114.6761,   200.0,200207,   582, , ,D,001305
ASN00008286,                                 "WUNDI", -28.2750,  114.6761,   200.0,200208,   434, , ,D,001305
ASN00008286,                                 "WUNDI", -28.2750,  114.6761,   200.0,200209,   356, , ,D,001305
ASN00008286,                                 "WUNDI", -28.2750,  114.6761,   200.0,200210,   160, , ,D,001305
ASN00008286,                                 "WUNDI", -28.2750,  114.6761,   200.0,200211,    40, , ,D,001305
ASN00008286,                                 "WUNDI", -28.2750,  114.6761,   200.0,200212,    10, , ,D,001305
ASN00008286,                                 "WUNDI", -28.2750,  114.6761,   200.0,200301,     0, , ,D,001305
ASN00008286,                                 "WUNDI", -28.2750,  114.6761,   200.0,200302,   122, , ,D,001305
ASN00008286,                                 "WUNDI", -28.2750,  114.6761,   200.0,200303,   112, , ,D,001305
ASN00008286,                                 "WUNDI", -28.2750,  114.6761,   200.0,200304,   552, , ,D,001305
ASN00008286,                                 "WUNDI", -28.2750,  114.6761,   200.0,200305,   586, , ,D,001305
ASN00008286,                                 "WUNDI", -28.2750,  114.6761,   200.0,200306,   672, , ,D,001305
ASN00008286,                                 "WUNDI", -28.2750,  114.6761,   200.0,200307,   564, , ,D,001305
ASN00008286,                                 "WUNDI", -28.2750,  114.6761,   200.0,200308,   950, , ,D,001305
ASN00008286,                                 "WUNDI", -28.2750,  114.6761,   200.0,200309,   526, , ,D,001305
ASN00008286,                                 "WUNDI", -28.2750,  114.6761,   200.0,200310,   121, , ,D,001305
ASN00008286,                                 "WUNDI", -28.2750,  114.6761,   200.0,200311,   301, , ,D,001305
ASN00008286,                                 "WUNDI", -28.2750,  114.6761,   200.0,200312,     0, , ,D,001305
ASN00008286,                                 "WUNDI", -28.2750,  114.6761,   200.0,200401,    32, , ,D,001305
ASN00008286,                                 "WUNDI", -28.2750,  114.6761,   200.0,200402,    44, , ,D,001305
ASN00008286,                                 "WUNDI", -28.2750,  114.6761,   200.0,200403,     6, , ,D,001305
ASN00008286,                                 "WUNDI", -28.2750,  114.6761,   200.0,200404,    77, , ,D,001305
ASN00008286,                                 "WUNDI", -28.2750,  114.6761,   200.0,200405,   560, , ,D,001305
ASN00008286,                                 "WUNDI", -28.2750,  114.6761,   200.0,200406,   520, , ,D,001305
ASN00008286,                                 "WUNDI", -28.2750,  114.6761,   200.0,200407,   596, , ,D,001305
ASN00008286,                                 "WUNDI", -28.2750,  114.6761,   200.0,200408,   502, , ,D,001305
ASN00008286,                                 "WUNDI", -28.2750,  114.6761,   200.0,200409,   158, , ,D,001305
ASN00008286,                                 "WUNDI", -28.2750,  114.6761,   200.0,200410,    72, , ,D,001305
ASN00008286,                                 "WUNDI", -28.2750,  114.6761,   200.0,200411,   159, , ,D,001305
ASN00008286,                                 "WUNDI", -28.2750,  114.6761,   200.0,200412,     0, , ,D,001305
ASN00008286,                                 "WUNDI", -28.2750,  114.6761,   200.0,200501,    18, , ,D,001305
ASN00008286,                                 "WUNDI", -28.2750,  114.6761,   200.0,200502,    14, , ,D,001305
ASN00008286,                                 "WUNDI", -28.2750,  114.6761,   200.0,200503,   198, , ,D,001305
ASN00008286,                                 "WUNDI", -28.2750,  114.6761,   200.0,200504,   623, , ,D,001305
ASN00008286,                                 "WUNDI", -28.2750,  114.6761,   200.0,200505,   618, , ,D,001305
ASN00008286,                                 "WUNDI", -28.2750,  114.6761,   200.0,200506,  1146, , ,D,001305
ASN00008286,                                 "WUNDI", -28.2750,  114.6761,   200.0,200507,   278, , ,D,001305
ASN00008286,                                 "WUNDI", -28.2750,  114.6761,   200.0,200508,   540, , ,D,001305
ASN00008286,                                 "WUNDI", -28.2750,  114.6761,   200.0,200509,   470, , ,D,001305
ASN00008286,                                 "WUNDI", -28.2750,  114.6761,   200.0,200510,   192, , ,D,001305
ASN00008286,                                 "WUNDI", -28.2750,  114.6761,   200.0,200511,    90, , ,D,001305
ASN00008286,                                 "WUNDI", -28.2750,  114.6761,   200.0,200512,     4, , ,D,001305
ASN00008286,                                 "WUNDI", -28.2750,  114.6761,   200.0,200601,   102, , ,D,001305
ASN00008286,                                 "WUNDI", -28.2750,  114.6761,   200.0,200603,    62, , ,D,001305
ASN00008286,                                 "WUNDI", -28.2750,  114.6761,   200.0,200604,    50, , ,D,001305
ASN00008286,                                 "WUNDI", -28.2750,  114.6761,   200.0,200605,    62, , ,D,001305
ASN00008286,                                 "WUNDI", -28.2750,  114.6761,   200.0,200606,    52, , ,D,001305
ASN00008286,                                 "WUNDI", -28.2750,  114.6761,   200.0,200607,   390, , ,D,001305
ASN00008286,                                 "WUNDI", -28.2750,  114.6761,   200.0,200608,   366, , ,D,001305
ASN00008286,                                 "WUNDI", -28.2750,  114.6761,   200.0,200609,   126, , ,D,001305
ASN00008286,                                 "WUNDI", -28.2750,  114.6761,   200.0,200610,    52, , ,D,001305
ASN00008286,                                 "WUNDI", -28.2750,  114.6761,   200.0,200611,    20, , ,D,001305
ASN00008286,                                 "WUNDI", -28.2750,  114.6761,   200.0,200612,    30, , ,D,001305
ASN00008286,                                 "WUNDI", -28.2750,  114.6761,   200.0,200701,    56, , ,D,001305
ASN00008286,                                 "WUNDI", -28.2750,  114.6761,   200.0,200702,     8, , ,D,001305
ASN00008286,                                 "WUNDI", -28.2750,  114.6761,   200.0,200703,     2, , ,D,001305
ASN00008286,                                 "WUNDI", -28.2750,  114.6761,   200.0,200704,    38, , ,D,001305
ASN00008286,                                 "WUNDI", -28.2750,  114.6761,   200.0,200705,   202, , ,D,001305
ASN00008286,                                 "WUNDI", -28.2750,  114.6761,   200.0,200706,   306, , ,D,001305
ASN00008286,                                 "WUNDI", -28.2750,  114.6761,   200.0,200707,   628, , ,D,001305
ASN00008286,                                 "WUNDI", -28.2750,  114.6761,   200.0,200708,   220, , ,D,001305
ASN00008286,                                 "WUNDI", -28.2750,  114.6761,   200.0,200709,   304, , ,D,001305
ASN00008286,                                 "WUNDI", -28.2750,  114.6761,   200.0,200710,   158, , ,D,001305
ASN00008286,                                 "WUNDI", -28.2750,  114.6761,   200.0,200711,     8, , ,D,001305
ASN00008286,                                 "WUNDI", -28.2750,  114.6761,   200.0,200712,   412, , ,D,001305
ASN00008286,                                 "WUNDI", -28.2750,  114.6761,   200.0,200801,     2, , ,D,001305
ASN00008286,                                 "WUNDI", -28.2750,  114.6761,   200.0,200802,   310, , ,D,001305
ASN00008286,                                 "WUNDI", -28.2750,  114.6761,   200.0,200803,   394, , ,D,001305
ASN00008286,                                 "WUNDI", -28.2750,  114.6761,   200.0,200804,   276, , ,D,001305
ASN00008286,                                 "WUNDI", -28.2750,  114.6761,   200.0,200805,   164, , ,D,001305
ASN00008286,                                 "WUNDI", -28.2750,  114.6761,   200.0,200806,   682, , ,D,001305
ASN00008286,                                 "WUNDI", -28.2750,  114.6761,   200.0,200807,  1138, , ,D,001305
ASN00008286,                                 "WUNDI", -28.2750,  114.6761,   200.0,200808,    76, , ,D,001305
ASN00008286,                                 "WUNDI", -28.2750,  114.6761,   200.0,200809,   426, , ,D,001305
ASN00008286,                                 "WUNDI", -28.2750,  114.6761,   200.0,200810,   202, , ,D,001305
ASN00008286,                                 "WUNDI", -28.2750,  114.6761,   200.0,200811,   141, , ,D,001305
ASN00008286,                                 "WUNDI", -28.2750,  114.6761,   200.0,200812,    20, , ,D,001305
ASN00008286,                                 "WUNDI", -28.2750,  114.6761,   200.0,200901,     8, , ,D,001305
ASN00008286,                                 "WUNDI", -28.2750,  114.6761,   200.0,200902,    18, , ,D,001305
ASN00008286,                                 "WUNDI", -28.2750,  114.6761,   200.0,200903,     2, , ,D,001305
ASN00008286,                                 "WUNDI", -28.2750,  114.6761,   200.0,200904,    12, , ,D,001305
ASN00008286,                                 "WUNDI", -28.2750,  114.6761,   200.0,200905,   490, , ,D,001305
ASN00008286,                                 "WUNDI", -28.2750,  114.6761,   200.0,200906,   856, , ,D,001305
ASN00008286,                                 "WUNDI", -28.2750,  114.6761,   200.0,200907,   922, , ,D,001305
ASN00008286,                                 "WUNDI", -28.2750,  114.6761,   200.0,200908,   551, , ,D,001305
ASN00008286,                                 "WUNDI", -28.2750,  114.6761,   200.0,200909,   642, , ,D,001305
ASN00008286,                                 "WUNDI", -28.2750,  114.6761,   200.0,200910,   158, , ,D,001305
ASN00008286,                                 "WUNDI", -28.2750,  114.6761,   200.0,200911,   178, , ,D,001305
ASN00008286,                                 "WUNDI", -28.2750,  114.6761,   200.0,200912,    64, , ,D,001305
ASN00008286,                                 "WUNDI", -28.2750,  114.6761,   200.0,201001,     0, , ,D,001305
ASN00008286,                                 "WUNDI", -28.2750,  114.6761,   200.0,201002,     0, , ,D,001305
ASN00008286,                                 "WUNDI", -28.2750,  114.6761,   200.0,201003,    90, , ,D,001305
ASN00008286,                                 "WUNDI", -28.2750,  114.6761,   200.0,201004,   112, , ,D,001305
ASN00008286,                                 "WUNDI", -28.2750,  114.6761,   200.0,201005,   444, , ,D,001305
ASN00008286,                                 "WUNDI", -28.2750,  114.6761,   200.0,201006,   340, , ,D,001305
ASN00008286,                                 "WUNDI", -28.2750,  114.6761,   200.0,201007,   623, , ,D,001305
ASN00008286,                                 "WUNDI", -28.2750,  114.6761,   200.0,201008,   656, , ,D,001305
ASN00008286,                                 "WUNDI", -28.2750,  114.6761,   200.0,201009,   116, , ,D,001305
ASN00008286,                                 "WUNDI", -28.2750,  114.6761,   200.0,201010,    14, , ,D,001305
ASN00008286,                                 "WUNDI", -28.2750,  114.6761,   200.0,201011,     2, , ,D,001305
ASN00008286,                                 "WUNDI", -28.2750,  114.6761,   200.0,201012,   522, , ,D,001305
ASN00008286,                                 "WUNDI", -28.2750,  114.6761,   200.0,201101,   166, , ,D,001305
ASN00008286,                                 "WUNDI", -28.2750,  114.6761,   200.0,201102,   434, , ,D,001305
ASN00008286,                                 "WUNDI", -28.2750,  114.6761,   200.0,201103,    14, , ,D,001305
ASN00008286,                                 "WUNDI", -28.2750,  114.6761,   200.0,201104,   204, , ,D,001305
ASN00008286,                                 "WUNDI", -28.2750,  114.6761,   200.0,201105,   754, , ,D,001305
ASN00008286,                                 "WUNDI", -28.2750,  114.6761,   200.0,201106,   555, , ,D,001305
ASN00008286,                                 "WUNDI", -28.2750,  114.6761,   200.0,201107,   889, , ,D,001305
ASN00008286,                                 "WUNDI", -28.2750,  114.6761,   200.0,201108,   774, , ,D,001305
ASN00008286,                                 "WUNDI", -28.2750,  114.6761,   200.0,201109,   366, , ,D,001305
ASN00008286,                                 "WUNDI", -28.2750,  114.6761,   200.0,201110,   814, , ,D,001305
ASN00008286,                                 "WUNDI", -28.2750,  114.6761,   200.0,201111,    70, , ,D,001305
ASN00008286,                                 "WUNDI", -28.2750,  114.6761,   200.0,201112,     0, , ,D,001305
ASN00008286,                                 "WUNDI", -28.2750,  114.6761,   200.0,201201,   140, , ,D,001305
ASN00008286,                                 "WUNDI", -28.2750,  114.6761,   200.0,201202,    48, , ,D,001305
ASN00008286,                                 "WUNDI", -28.2750,  114.6761,   200.0,201203,     0, , ,D,001305
ASN00008286,                                 "WUNDI", -28.2750,  114.6761,   200.0,201204,   134, , ,D,001305
ASN00008286,                                 "WUNDI", -28.2750,  114.6761,   200.0,201205,    90, , ,D,001305
ASN00008286,                                 "WUNDI", -28.2750,  114.6761,   200.0,201206,  1068, , ,D,001305
ASN00008286,                                 "WUNDI", -28.2750,  114.6761,   200.0,201207,   188, , ,D,001305
ASN00008286,                                 "WUNDI", -28.2750,  114.6761,   200.0,201208,   412, , ,D,001305
ASN00008286,                                 "WUNDI", -28.2750,  114.6761,   200.0,201209,   442, , ,D,001305
ASN00008286,                                 "WUNDI", -28.2750,  114.6761,   200.0,201210,    54, , ,D,001305
ASN00008286,                                 "WUNDI", -28.2750,  114.6761,   200.0,201211,   174, , ,D,001305
ASN00008286,                                 "WUNDI", -28.2750,  114.6761,   200.0,201212,    96, , ,D,001305
ASN00008286,                                 "WUNDI", -28.2750,  114.6761,   200.0,201301,   334, , ,D,001305
ASN00008286,                                 "WUNDI", -28.2750,  114.6761,   200.0,201302,     4, , ,D,001305
ASN00008286,                                 "WUNDI", -28.2750,  114.6761,   200.0,201303,   338, , ,D,001305
ASN00008286,                                 "WUNDI", -28.2750,  114.6761,   200.0,201304,    44, , ,D,001305
ASN00008286,                                 "WUNDI", -28.2750,  114.6761,   200.0,201305,   934, , ,D,001305
ASN00008286,                                 "WUNDI", -28.2750,  114.6761,   200.0,201306,    26, , ,D,001305
ASN00008286,                                 "WUNDI", -28.2750,  114.6761,   200.0,201307,   468, , ,D,001305
ASN00008286,                                 "WUNDI", -28.2750,  114.6761,   200.0,201308,   794, , ,D,001305
ASN00008286,                                 "WUNDI", -28.2750,  114.6761,   200.0,201309,   486, , ,D,001305
ASN00008286,                                 "WUNDI", -28.2750,  114.6761,   200.0,201311,     8, , ,D,001305
ASN00008286,                                 "WUNDI", -28.2750,  114.6761,   200.0,201312,     4, , ,D,001305
ASN00008286,                                 "WUNDI", -28.2750,  114.6761,   200.0,201401,    58, , ,D,001305
ASN00008286,                                 "WUNDI", -28.2750,  114.6761,   200.0,201402,   190, , ,D,001305
ASN00008286,                                 "WUNDI", -28.2750,  114.6761,   200.0,201403,    24, , ,D,001305
ASN00008286,                                 "WUNDI", -28.2750,  114.6761,   200.0,201404,   392, , ,D,001305
ASN00008286,                                 "WUNDI", -28.2750,  114.6761,   200.0,201405,   642, , ,D,001305
ASN00008286,                                 "WUNDI", -28.2750,  114.6761,   200.0,201406,   353, , ,D,001305
ASN00008286,                                 "WUNDI", -28.2750,  114.6761,   200.0,201407,   436, , ,D,001305
ASN00008286,                                 "WUNDI", -28.2750,  114.6761,   200.0,201408,   214, , ,D,001305
ASN00008286,                                 "WUNDI", -28.2750,  114.6761,   200.0,201409,   697, , ,D,001305
ASN00008286,                                 "WUNDI", -28.2750,  114.6761,   200.0,201410,    74, , ,D,001305
ASN00008286,                                 "WUNDI", -28.2750,  114.6761,   200.0,201411,    24, , ,D,001305
ASN00008286,                                 "WUNDI", -28.2750,  114.6761,   200.0,201412,     0, , ,D,001305
ASN00008286,                                 "WUNDI", -28.2750,  114.6761,   200.0,201501,   222, , ,D,001305
ASN00008286,                                 "WUNDI", -28.2750,  114.6761,   200.0,201502,    36, , ,D,001305
ASN00008286,                                 "WUNDI", -28.2750,  114.6761,   200.0,201503,  1082, , ,D,001305
ASN00008286,                                 "WUNDI", -28.2750,  114.6761,   200.0,201504,   546, , ,D,001305
ASN00008286,                                 "WUNDI", -28.2750,  114.6761,   200.0,201505,   198, , ,D,001305
ASN00008286,                                 "WUNDI", -28.2750,  114.6761,   200.0,201506,   638, , ,D,001305
ASN00008286,                                 "WUNDI", -28.2750,  114.6761,   200.0,201507,   528, , ,D,001305
ASN00008286,                                 "WUNDI", -28.2750,  114.6761,   200.0,201508,   456, , ,D,001305
ASN00008286,                                 "WUNDI", -28.2750,  114.6761,   200.0,201509,   126, , ,D,001305
ASN00008286,                                 "WUNDI", -28.2750,  114.6761,   200.0,201510,    18, , ,D,001305
ASN00008286,                                 "WUNDI", -28.2750,  114.6761,   200.0,201511,   376, , ,D,001305
ASN00008286,                                 "WUNDI", -28.2750,  114.6761,   200.0,201512,    34, , ,D,001305
ASN00008286,                                 "WUNDI", -28.2750,  114.6761,   200.0,201601,   250, , ,D,001305
ASN00008286,                                 "WUNDI", -28.2750,  114.6761,   200.0,201602,     4, , ,D,001305
ASN00008286,                                 "WUNDI", -28.2750,  114.6761,   200.0,201603,   114, , ,D,001305
ASN00008286,                                 "WUNDI", -28.2750,  114.6761,   200.0,201604,   268, , ,D,001305
ASN00008286,                                 "WUNDI", -28.2750,  114.6761,   200.0,201605,   388, , ,D,001305
ASN00008286,                                 "WUNDI", -28.2750,  114.6761,   200.0,201606,   850, , ,D,001305
ASN00008286,                                 "WUNDI", -28.2750,  114.6761,   200.0,201607,  1088, , ,D,001305
ASN00008286,                                 "WUNDI", -28.2750,  114.6761,   200.0,201608,   568, , ,D,001305
ASN00008286,                                 "WUNDI", -28.2750,  114.6761,   200.0,201609,   198, , ,D,001305
ASN00008286,                                 "WUNDI", -28.2750,  114.6761,   200.0,201610,    97, , ,D,001305
ASN00008286,                                 "WUNDI", -28.2750,  114.6761,   200.0,201611,    42, , ,D,001305
ASN00008286,                                 "WUNDI", -28.2750,  114.6761,   200.0,201612,     6, , ,D,001305
ASN00008286,                                 "WUNDI", -28.2750,  114.6761,   200.0,201701,   568,A, ,D,001305
ASN00008286,                                 "WUNDI", -28.2750,  114.6761,   200.0,201702,    92, , ,D,001305
ASN00008286,                                 "WUNDI", -28.2750,  114.6761,   200.0,201703,    77, , ,D,001305
ASN00008286,                                 "WUNDI", -28.2750,  114.6761,   200.0,201704,     4, , ,D,001305
ASN00008286,                                 "WUNDI", -28.2750,  114.6761,   200.0,201705,   290, , ,D,001305
ASN00008286,                                 "WUNDI", -28.2750,  114.6761,   200.0,201706,   188, , ,D,001305
ASN00008286,                                 "WUNDI", -28.2750,  114.6761,   200.0,201707,   474, , ,D,001305
ASN00008286,                                 "WUNDI", -28.2750,  114.6761,   200.0,201708,  1052, , ,D,001305
ASN00008286,                                 "WUNDI", -28.2750,  114.6761,   200.0,201709,   483, , ,D,001305
ASN00008286,                                 "WUNDI", -28.2750,  114.6761,   200.0,201710,   106, , ,D,001305
ASN00008286,                                 "WUNDI", -28.2750,  114.6761,   200.0,201711,    92, , ,D,001305
ASN00008286,                                 "WUNDI", -28.2750,  114.6761,   200.0,201712,   198, , ,D,001305
ASN00008286,                                 "WUNDI", -28.2750,  114.6761,   200.0,201801,   444, , ,D,001305
ASN00008286,                                 "WUNDI", -28.2750,  114.6761,   200.0,201802,    24, , ,D,001305
ASN00008286,                                 "WUNDI", -28.2750,  114.6761,   200.0,201803,    12, , ,D,001305
ASN00008286,                                 "WUNDI", -28.2750,  114.6761,   200.0,201804,     6, , ,D,001305
ASN00008286,                                 "WUNDI", -28.2750,  114.6761,   200.0,201805,   204, , ,D,001305
ASN00008286,                                 "WUNDI", -28.2750,  114.6761,   200.0,201806,   630, , ,D,001305
ASN00008286,                                 "WUNDI", -28.2750,  114.6761,   200.0,201807,  1064, , ,D,001305
ASN00008286,                                 "WUNDI", -28.2750,  114.6761,   200.0,201808,   980, , ,D,001305
ASN00008286,                                 "WUNDI", -28.2750,  114.6761,   200.0,201809,   174, , ,D,001305
ASN00008286,                                 "WUNDI", -28.2750,  114.6761,   200.0,201810,   142, , ,D,001305
ASN00008286,                                 "WUNDI", -28.2750,  114.6761,   200.0,201811,    12, , ,D,001305
ASN00008286,                                 "WUNDI", -28.2750,  114.6761,   200.0,201812,   196, , ,D,001305
ASN00008286,                                 "WUNDI", -28.2750,  114.6761,   200.0,201901,    10, , ,D,001305
ASN00008286,                                 "WUNDI", -28.2750,  114.6761,   200.0,201902,     0, , ,D,001305
ASN00008286,                                 "WUNDI", -28.2750,  114.6761,   200.0,201903,    10, , ,D,001305
ASN00008286,                                 "WUNDI", -28.2750,  114.6761,   200.0,201904,    98, , ,D,001305
ASN00008286,                                 "WUNDI", -28.2750,  114.6761,   200.0,201905,    30, , ,D,001305
ASN00008286,                                 "WUNDI", -28.2750,  114.6761,   200.0,201906,  1470, , ,D,001305
ASN00008286,                                 "WUNDI", -28.2750,  114.6761,   200.0,201907,   574, , ,D,001305
ASN00008286,                                 "WUNDI", -28.2750,  114.6761,   200.0,201908,   382, , ,D,001305
ASN00008286,                                 "WUNDI", -28.2750,  114.6761,   200.0,201909,   142, , ,D,001305
ASN00008286,                                 "WUNDI", -28.2750,  114.6761,   200.0,201910,   114, , ,D,001305
ASN00008286,                                 "WUNDI", -28.2750,  114.6761,   200.0,201911,    34, , ,D,001305
ASN00008286,                                 "WUNDI", -28.2750,  114.6761,   200.0,201912,    12, , ,D,001305
ASN00008286,                                 "WUNDI", -28.2750,  114.6761,   200.0,202001,     6, , ,D,001305
ASN00008286,                                 "WUNDI", -28.2750,  114.6761,   200.0,202002,   320, , ,D,001305
ASN00008286,                                 "WUNDI", -28.2750,  114.6761,   200.0,202003,    16, , ,D,001305
ASN00008286,                                 "WUNDI", -28.2750,  114.6761,   200.0,202004,    26,A, ,D,001305
ASN00008286,                                 "WUNDI", -28.2750,  114.6761,   200.0,202005,   450, , ,D,001305
ASN00008286,                                 "WUNDI", -28.2750,  114.6761,   200.0,202006,   760, , ,D,001305
ASN00008286,                                 "WUNDI", -28.2750,  114.6761,   200.0,202007,   460, , ,D,001305
ASN00008286,                                 "WUNDI", -28.2750,  114.6761,   200.0,202008,  1042, , ,D,001305
ASN00008286,                                 "WUNDI", -28.2750,  114.6761,   200.0,202009,   229, , ,D,001305
ASN00008286,                                 "WUNDI", -28.2750,  114.6761,   200.0,202010,    40,A, ,D,001305
ASN00008286,                                 "WUNDI", -28.2750,  114.6761,   200.0,202011,   296, , ,D,001305
ASN00008286,                                 "WUNDI", -28.2750,  114.6761,   200.0,202012,   184, , ,D,001305
ASN00008286,                                 "WUNDI", -28.2750,  114.6761,   200.0,202101,   210, , ,D,001305
ASN00008286,                                 "WUNDI", -28.2750,  114.6761,   200.0,202102,   366, , ,D,001305
ASN00008286,                                 "WUNDI", -28.2750,  114.6761,   200.0,202103,    42, , ,D,001305
ASN00008286,                                 "WUNDI", -28.2750,  114.6761,   200.0,202104,   598, , ,D,001305
ASN00008286,                                 "WUNDI", -28.2750,  114.6761,   200.0,202105,   714, , ,D,001305
ASN00008286,                                 "WUNDI", -28.2750,  114.6761,   200.0,202106,   742, , ,D,001305
ASN00008286,                                 "WUNDI", -28.2750,  114.6761,   200.0,202107,  1338, , ,D,001305
ASN00008286,                                 "WUNDI", -28.2750,  114.6761,   200.0,202108,   318, , ,D,001305
ASN00008286,                                 "WUNDI", -28.2750,  114.6761,   200.0,202109,   380, , ,D,001305
ASN00008286,                                 "WUNDI", -28.2750,  114.6761,   200.0,202110,   520, , ,D,001305
ASN00008286,                                 "WUNDI", -28.2750,  114.6761,   200.0,202111,     6, , ,D,001305
ASN00008286,                                 "WUNDI", -28.2750,  114.6761,   200.0,202112,     2, , ,D,001305
ASN00008286,                                 "WUNDI", -28.2750,  114.6761,   200.0,202201,     0, , ,D,001305
ASN00008286,                                 "WUNDI", -28.2750,  114.6761,   200.0,202202,     0, , ,D,001305
ASN00008286,                                 "WUNDI", -28.2750,  114.6761,   200.0,202203,   192, , ,D,001305
ASN00008286,                                 "WUNDI", -28.2750,  114.6761,   200.0,202204,   338, , ,D,001305
ASN00008286,                                 "WUNDI", -28.2750,  114.6761,   200.0,202205,   274, , ,D,001305
ASN00008286,                                 "WUNDI", -28.2750,  114.6761,   200.0,202206,   388, , ,D,001305
ASN00008286,                                 "WUNDI", -28.2750,  114.6761,   200.0,202207,   710,A, ,D,001305
ASN00008286,                                 "WUNDI", -28.2750,  114.6761,   200.0,202208,  1282, , ,D,001305
ASN00008286,                                 "WUNDI", -28.2750,  114.6761,   200.0,202209,   695,A, ,D,001305
ASN00008286,                                 "WUNDI", -28.2750,  114.6761,   200.0,202210,   258,A, ,D,001305
ASN00008286,                                 "WUNDI", -28.2750,  114.6761,   200.0,202211,    82, , ,D,001305
ASN00008286,                                 "WUNDI", -28.2750,  114.6761,   200.0,202212,    64, , ,D,001305
ASN00008286,                                 "WUNDI", -28.2750,  114.6761,   200.0,202301,    86,A, ,D,001305
ASN00008286,                                 "WUNDI", -28.2750,  114.6761,   200.0,202302,     0, , ,D,001305
ASN00008286,                                 "WUNDI", -28.2750,  114.6761,   200.0,202303,   218, , ,D,001305
ASN00008286,                                 "WUNDI", -28.2750,  114.6761,   200.0,202304,    84, , ,D,001305
