AGE00147712,                  "ORLEANSVILLE (CHLEF)",  36.1700,    1.3400,   112.0,187901,   490, , ,D,000023
AGE00147712,                  "ORLEANSVILLE (CHLEF)",  36.1700,    1.3400,   112.0,187902,   242,A, ,D,000023
AGE00147712,                  "ORLEANSVILLE (CHLEF)",  36.1700,    1.3400,   112.0,187903,   315,A, ,D,000023
AGE00147712,                  "ORLEANSVILLE (CHLEF)",  36.1700,    1.3400,   112.0,187904,   421,B, ,D,000023
AGE00147712,                  "ORLEANSVILLE (CHLEF)",  36.1700,    1.3400,   112.0,187905,   229, , ,D,000023
AGE00147712,                  "ORLEANSVILLE (CHLEF)",  36.1700,    1.3400,   112.0,187906,    10, , ,D,000023
AGE00147712,                  "ORLEANSVILLE (CHLEF)",  36.1700,    1.3400,   112.0,187907,     0,A, ,D,000023
AGE00147712,                  "ORLEANSVILLE (CHLEF)",  36.1700,    1.3400,   112.0,187908,     0,B, ,D,000023
AGE00147712,                  "ORLEANSVILLE (CHLEF)",  36.1700,    1.3400,   112.0,187909,   255,B, ,D,000023
AGE00147712,                  "ORLEANSVILLE (CHLEF)",  36.1700,    1.3400,   112.0,187910,     8, , ,D,000023
AGE00147712,                  "ORLEANSVILLE (CHLEF)",  36.1700,    1.3400,   112.0,187911,   525, , ,D,000023
AGE00147712,                  "ORLEANSVILLE (CHLEF)",  36.1700,    1.3400,   112.0,187912,   412,C, ,D,000023
AGE00147712,                  "ORLEANSVILLE (CHLEF)",  36.1700,    1.3400,   112.0,188003,   741, , ,D,000023
AGE00147712,                  "ORLEANSVILLE (CHLEF)",  36.1700,    1.3400,   112.0,188004,   683, , ,D,000023
AGE00147712,                  "ORLEANSVILLE (CHLEF)",  36.1700,    1.3400,   112.0,188005,   338,B, ,D,000023
AGE00147712,                  "ORLEANSVILLE (CHLEF)",  36.1700,    1.3400,   112.0,188006,     0,A, ,D,000023
AGE00147712,                  "ORLEANSVILLE (CHLEF)",  36.1700,    1.3400,   112.0,188008,    57,D, ,D,000023
AGE00147712,                  "ORLEANSVILLE (CHLEF)",  36.1700,    1.3400,   112.0,188009,     0, , ,D,000023
AGE00147712,                  "ORLEANSVILLE (CHLEF)",  36.1700,    1.3400,   112.0,188010,    85, , ,D,000023
AGE00147712,                  "ORLEANSVILLE (CHLEF)",  36.1700,    1.3400,   112.0,188011,   240, , ,D,000023
AGE00147712,                  "ORLEANSVILLE (CHLEF)",  36.1700,    1.3400,   112.0,188012,   419, , ,D,000023
AGE00147712,                  "ORLEANSVILLE (CHLEF)",  36.1700,    1.3400,   112.0,188101,   762,A, ,D,000023
AGE00147712,                  "ORLEANSVILLE (CHLEF)",  36.1700,    1.3400,   112.0,188102,   782, , ,D,000023
AGE00147712,                  "ORLEANSVILLE (CHLEF)",  36.1700,    1.3400,   112.0,188103,   214, , ,D,000023
AGE00147712,                  "ORLEANSVILLE (CHLEF)",  36.1700,    1.3400,   112.0,188104,   661,A, ,D,000023
AGE00147712,                  "ORLEANSVILLE (CHLEF)",  36.1700,    1.3400,   112.0,188105,   463,A, ,D,000023
AGE00147712,                  "ORLEANSVILLE (CHLEF)",  36.1700,    1.3400,   112.0,188106,   160, , ,D,000023
AGE00147712,                  "ORLEANSVILLE (CHLEF)",  36.1700,    1.3400,   112.0,188107,     0, , ,D,000023
AGE00147712,                  "ORLEANSVILLE (CHLEF)",  36.1700,    1.3400,   112.0,188108,     0,A, ,D,000023
AGE00147712,                  "ORLEANSVILLE (CHLEF)",  36.1700,    1.3400,   112.0,188109,     0, , ,D,000023
AGE00147712,                  "ORLEANSVILLE (CHLEF)",  36.1700,    1.3400,   112.0,188110,   795, , ,D,000023
AGE00147712,                  "ORLEANSVILLE (CHLEF)",  36.1700,    1.3400,   112.0,188111,    40, , ,D,000023
AGE00147712,                  "ORLEANSVILLE (CHLEF)",  36.1700,    1.3400,   112.0,188112,   860,B, ,D,000023
AGE00147712,                  "ORLEANSVILLE (CHLEF)",  36.1700,    1.3400,   112.0,188201,    78, , ,D,000023
AGE00147712,                  "ORLEANSVILLE (CHLEF)",  36.1700,    1.3400,   112.0,188202,   319, , ,D,000023
AGE00147712,                  "ORLEANSVILLE (CHLEF)",  36.1700,    1.3400,   112.0,188203,   606, , ,D,000023
AGE00147712,                  "ORLEANSVILLE (CHLEF)",  36.1700,    1.3400,   112.0,188204,   306, , ,D,000023
AGE00147712,                  "ORLEANSVILLE (CHLEF)",  36.1700,    1.3400,   112.0,188205,   125, , ,D,000023
AGE00147712,                  "ORLEANSVILLE (CHLEF)",  36.1700,    1.3400,   112.0,188206,    66, , ,D,000023
AGE00147712,                  "ORLEANSVILLE (CHLEF)",  36.1700,    1.3400,   112.0,188207,     0,A, ,D,000023
AGE00147712,                  "ORLEANSVILLE (CHLEF)",  36.1700,    1.3400,   112.0,188208,     5, , ,D,000023
AGE00147712,                  "ORLEANSVILLE (CHLEF)",  36.1700,    1.3400,   112.0,188209,   293, , ,D,000023
AGE00147712,                  "ORLEANSVILLE (CHLEF)",  36.1700,    1.3400,   112.0,188210,   111, , ,D,000023
AGE00147712,                  "ORLEANSVILLE (CHLEF)",  36.1700,    1.3400,   112.0,188211,    64,A, ,D,000023
AGE00147712,                  "ORLEANSVILLE (CHLEF)",  36.1700,    1.3400,   112.0,188212,   298,A, ,D,000023
AGE00147712,                  "ORLEANSVILLE (CHLEF)",  36.1700,    1.3400,   112.0,188301,   325,B, ,D,000023
AGE00147712,                  "ORLEANSVILLE (CHLEF)",  36.1700,    1.3400,   112.0,188302,    30, , ,D,000023
AGE00147712,                  "ORLEANSVILLE (CHLEF)",  36.1700,    1.3400,   112.0,188303,   300,A, ,D,000023
AGE00147712,                  "ORLEANSVILLE (CHLEF)",  36.1700,    1.3400,   112.0,188304,   440, , ,D,000023
AGE00147712,                  "ORLEANSVILLE (CHLEF)",  36.1700,    1.3400,   112.0,188305,   512, , ,D,000023
AGE00147712,                  "ORLEANSVILLE (CHLEF)",  36.1700,    1.3400,   112.0,188306,    58, , ,D,000023
AGE00147712,                  "ORLEANSVILLE (CHLEF)",  36.1700,    1.3400,   112.0,188307,     0, , ,D,000023
AGE00147712,                  "ORLEANSVILLE (CHLEF)",  36.1700,    1.3400,   112.0,188308,     0, , ,D,000023
AGE00147712,                  "ORLEANSVILLE (CHLEF)",  36.1700,    1.3400,   112.0,188309,     0,A, ,D,000023
AGE00147712,                  "ORLEANSVILLE (CHLEF)",  36.1700,    1.3400,   112.0,188310,   120,A, ,D,000023
AGE00147712,                  "ORLEANSVILLE (CHLEF)",  36.1700,    1.3400,   112.0,188311,   950,A, ,D,000023
AGE00147712,                  "ORLEANSVILLE (CHLEF)",  36.1700,    1.3400,   112.0,188312,   531, , ,D,000023
AGE00147712,                  "ORLEANSVILLE (CHLEF)",  36.1700,    1.3400,   112.0,188401,   380,B, ,D,000023
AGE00147712,                  "ORLEANSVILLE (CHLEF)",  36.1700,    1.3400,   112.0,188402,   580,B, ,D,000023
AGE00147712,                  "ORLEANSVILLE (CHLEF)",  36.1700,    1.3400,   112.0,188403,   355, , ,D,000023
AGE00147712,                  "ORLEANSVILLE (CHLEF)",  36.1700,    1.3400,   112.0,188407,    26,E, ,D,000023
AGE00147712,                  "ORLEANSVILLE (CHLEF)",  36.1700,    1.3400,   112.0,188408,    54,A, ,D,000023
AGE00147712,                  "ORLEANSVILLE (CHLEF)",  36.1700,    1.3400,   112.0,188409,   220, , ,D,000023
AGE00147712,                  "ORLEANSVILLE (CHLEF)",  36.1700,    1.3400,   112.0,188410,   552,A, ,D,000023
AGE00147712,                  "ORLEANSVILLE (CHLEF)",  36.1700,    1.3400,   112.0,188411,   584,B, ,D,000023
AGE00147712,                  "ORLEANSVILLE (CHLEF)",  36.1700,    1.3400,   112.0,188501,   487,C, ,D,000023
AGE00147712,                  "ORLEANSVILLE (CHLEF)",  36.1700,    1.3400,   112.0,188502,   177, , ,D,000023
AGE00147712,                  "ORLEANSVILLE (CHLEF)",  36.1700,    1.3400,   112.0,188503,   531, , ,D,000023
AGE00147712,                  "ORLEANSVILLE (CHLEF)",  36.1700,    1.3400,   112.0,188504,   949, , ,D,000023
AGE00147712,                  "ORLEANSVILLE (CHLEF)",  36.1700,    1.3400,   112.0,188505,   100, , ,D,000023
AGE00147712,                  "ORLEANSVILLE (CHLEF)",  36.1700,    1.3400,   112.0,188506,    97, , ,D,000023
AGE00147712,                  "ORLEANSVILLE (CHLEF)",  36.1700,    1.3400,   112.0,188507,     0,E, ,D,000023
AGE00147712,                  "ORLEANSVILLE (CHLEF)",  36.1700,    1.3400,   112.0,188510,   439,A, ,D,000023
AGE00147712,                  "ORLEANSVILLE (CHLEF)",  36.1700,    1.3400,   112.0,188511,   638,B, ,D,000023
AGE00147712,                  "ORLEANSVILLE (CHLEF)",  36.1700,    1.3400,   112.0,188512,     0,A, ,D,000023
AGE00147712,                  "ORLEANSVILLE (CHLEF)",  36.1700,    1.3400,   112.0,188601,   588, , ,D,000023
AGE00147712,                  "ORLEANSVILLE (CHLEF)",  36.1700,    1.3400,   112.0,188602,   591,A, ,D,000023
AGE00147712,                  "ORLEANSVILLE (CHLEF)",  36.1700,    1.3400,   112.0,188603,   543,C, ,D,000023
AGE00147712,                  "ORLEANSVILLE (CHLEF)",  36.1700,    1.3400,   112.0,188604,   708,D, ,D,000023
AGE00147712,                  "ORLEANSVILLE (CHLEF)",  36.1700,    1.3400,   112.0,188605,   104,A, ,D,000023
AGE00147712,                  "ORLEANSVILLE (CHLEF)",  36.1700,    1.3400,   112.0,188606,     0,A, ,D,000023
AGE00147712,                  "ORLEANSVILLE (CHLEF)",  36.1700,    1.3400,   112.0,188609,   472,C, ,D,000023
AGE00147712,                  "ORLEANSVILLE (CHLEF)",  36.1700,    1.3400,   112.0,188610,   683,B, ,D,000023
AGE00147712,                  "ORLEANSVILLE (CHLEF)",  36.1700,    1.3400,   112.0,188611,   370,A, ,D,000023
AGE00147712,                  "ORLEANSVILLE (CHLEF)",  36.1700,    1.3400,   112.0,188612,   556,A, ,D,000023
AGE00147712,                  "ORLEANSVILLE (CHLEF)",  36.1700,    1.3400,   112.0,188701,   176,B, ,D,000023
AGE00147712,                  "ORLEANSVILLE (CHLEF)",  36.1700,    1.3400,   112.0,188702,   528,D, ,D,000023
AGE00147712,                  "ORLEANSVILLE (CHLEF)",  36.1700,    1.3400,   112.0,188703,   363,B, ,D,000023
AGE00147712,                  "ORLEANSVILLE (CHLEF)",  36.1700,    1.3400,   112.0,188704,  1004,B, ,D,000023
AGE00147712,                  "ORLEANSVILLE (CHLEF)",  36.1700,    1.3400,   112.0,188705,    20,B, ,D,000023
AGE00147712,                  "ORLEANSVILLE (CHLEF)",  36.1700,    1.3400,   112.0,188711,   595, , ,D,000023
AGE00147712,                  "ORLEANSVILLE (CHLEF)",  36.1700,    1.3400,   112.0,188712,   504,A, ,D,000023
AGE00147712,                  "ORLEANSVILLE (CHLEF)",  36.1700,    1.3400,   112.0,188801,   132,C, ,D,000023
AGE00147712,                  "ORLEANSVILLE (CHLEF)",  36.1700,    1.3400,   112.0,188802,   955,C, ,D,000023
AGE00147712,                  "ORLEANSVILLE (CHLEF)",  36.1700,    1.3400,   112.0,188803,   566,B, ,D,000023
AGE00147712,                  "ORLEANSVILLE (CHLEF)",  36.1700,    1.3400,   112.0,188804,   255,A, ,D,000023
AGE00147712,                  "ORLEANSVILLE (CHLEF)",  36.1700,    1.3400,   112.0,188805,   496,A, ,D,000023
AGE00147712,                  "ORLEANSVILLE (CHLEF)",  36.1700,    1.3400,   112.0,188806,    91,A, ,D,000023
AGE00147712,                  "ORLEANSVILLE (CHLEF)",  36.1700,    1.3400,   112.0,188807,     0,A, ,D,000023
AGE00147712,                  "ORLEANSVILLE (CHLEF)",  36.1700,    1.3400,   112.0,188808,     0,A, ,D,000023
AGE00147712,                  "ORLEANSVILLE (CHLEF)",  36.1700,    1.3400,   112.0,188810,    78, , ,D,000023
AGE00147712,                  "ORLEANSVILLE (CHLEF)",  36.1700,    1.3400,   112.0,188811,   264,B, ,D,000023
AGE00147712,                  "ORLEANSVILLE (CHLEF)",  36.1700,    1.3400,   112.0,188812,   432,A, ,D,000023
AGE00147712,                  "ORLEANSVILLE (CHLEF)",  36.1700,    1.3400,   112.0,188901,  1077,E, ,D,000023
AGE00147712,                  "ORLEANSVILLE (CHLEF)",  36.1700,    1.3400,   112.0,188902,   225,C, ,D,000023
AGE00147712,                  "ORLEANSVILLE (CHLEF)",  36.1700,    1.3400,   112.0,188903,   652,B, ,D,000023
AGE00147712,                  "ORLEANSVILLE (CHLEF)",  36.1700,    1.3400,   112.0,188905,   875,E, ,D,000023
AGE00147712,                  "ORLEANSVILLE (CHLEF)",  36.1700,    1.3400,   112.0,188906,    34,D, ,D,000023
AGE00147712,                  "ORLEANSVILLE (CHLEF)",  36.1700,    1.3400,   112.0,188910,   271,B, ,D,000023
AGE00147712,                  "ORLEANSVILLE (CHLEF)",  36.1700,    1.3400,   112.0,188911,   318,E, ,D,000023
AGE00147712,                  "ORLEANSVILLE (CHLEF)",  36.1700,    1.3400,   112.0,188912,   832,C, ,D,000023
AGE00147712,                  "ORLEANSVILLE (CHLEF)",  36.1700,    1.3400,   112.0,189001,   334, , ,D,000023
AGE00147712,                  "ORLEANSVILLE (CHLEF)",  36.1700,    1.3400,   112.0,189002,   883, , ,D,000023
AGE00147712,                  "ORLEANSVILLE (CHLEF)",  36.1700,    1.3400,   112.0,189003,   686,A, ,D,000023
AGE00147712,                  "ORLEANSVILLE (CHLEF)",  36.1700,    1.3400,   112.0,189004,  1096,B, ,D,000023
AGE00147712,                  "ORLEANSVILLE (CHLEF)",  36.1700,    1.3400,   112.0,189005,   295,A, ,D,000023
AGE00147712,                  "ORLEANSVILLE (CHLEF)",  36.1700,    1.3400,   112.0,189006,   339,B, ,D,000023
AGE00147712,                  "ORLEANSVILLE (CHLEF)",  36.1700,    1.3400,   112.0,189007,    30, , ,D,000023
AGE00147712,                  "ORLEANSVILLE (CHLEF)",  36.1700,    1.3400,   112.0,189203,   269,A, ,D,000023
AGE00147712,                  "ORLEANSVILLE (CHLEF)",  36.1700,    1.3400,   112.0,189204,   473,D, ,D,000023
AGE00147712,                  "ORLEANSVILLE (CHLEF)",  36.1700,    1.3400,   112.0,189205,   158,B, ,D,000023
AGE00147712,                  "ORLEANSVILLE (CHLEF)",  36.1700,    1.3400,   112.0,189206,     0,A, ,D,000023
AGE00147712,                  "ORLEANSVILLE (CHLEF)",  36.1700,    1.3400,   112.0,189207,     0,D, ,D,000023
AGE00147712,                  "ORLEANSVILLE (CHLEF)",  36.1700,    1.3400,   112.0,189208,     0,A, ,D,000023
AGE00147712,                  "ORLEANSVILLE (CHLEF)",  36.1700,    1.3400,   112.0,189209,    55, , ,D,000023
AGE00147712,                  "ORLEANSVILLE (CHLEF)",  36.1700,    1.3400,   112.0,189210,   408, , ,D,000023
AGE00147712,                  "ORLEANSVILLE (CHLEF)",  36.1700,    1.3400,   112.0,189211,   346, , ,D,000023
AGE00147712,                  "ORLEANSVILLE (CHLEF)",  36.1700,    1.3400,   112.0,189212,   795,C, ,D,000023
AGE00147712,                  "ORLEANSVILLE (CHLEF)",  36.1700,    1.3400,   112.0,189301,   107,E, ,D,000023
AGE00147712,                  "ORLEANSVILLE (CHLEF)",  36.1700,    1.3400,   112.0,189302,   273,A, ,D,000023
AGE00147712,                  "ORLEANSVILLE (CHLEF)",  36.1700,    1.3400,   112.0,189303,   496, , ,D,000023
AGE00147712,                  "ORLEANSVILLE (CHLEF)",  36.1700,    1.3400,   112.0,189304,   390,C, ,D,000023
AGE00147712,                  "ORLEANSVILLE (CHLEF)",  36.1700,    1.3400,   112.0,189305,   316,C, ,D,000023
AGE00147712,                  "ORLEANSVILLE (CHLEF)",  36.1700,    1.3400,   112.0,189306,    35,A, ,D,000023
AGE00147712,                  "ORLEANSVILLE (CHLEF)",  36.1700,    1.3400,   112.0,189307,     0,B, ,D,000023
AGE00147712,                  "ORLEANSVILLE (CHLEF)",  36.1700,    1.3400,   112.0,189309,    29,A, ,D,000023
AGE00147712,                  "ORLEANSVILLE (CHLEF)",  36.1700,    1.3400,   112.0,189310,    78,B, ,D,000023
AGE00147712,                  "ORLEANSVILLE (CHLEF)",  36.1700,    1.3400,   112.0,189311,   323,A, ,D,000023
AGE00147712,                  "ORLEANSVILLE (CHLEF)",  36.1700,    1.3400,   112.0,189312,   757,D, ,D,000023
AGE00147712,                  "ORLEANSVILLE (CHLEF)",  36.1700,    1.3400,   112.0,189501,   847,D, ,D,000023
AGE00147712,                  "ORLEANSVILLE (CHLEF)",  36.1700,    1.3400,   112.0,189502,   514,B, ,D,000023
AGE00147712,                  "ORLEANSVILLE (CHLEF)",  36.1700,    1.3400,   112.0,189503,   294,B, ,D,000023
AGE00147712,                  "ORLEANSVILLE (CHLEF)",  36.1700,    1.3400,   112.0,189504,   243,A, ,D,000023
AGE00147712,                  "ORLEANSVILLE (CHLEF)",  36.1700,    1.3400,   112.0,189505,   486,C, ,D,000023
AGE00147712,                  "ORLEANSVILLE (CHLEF)",  36.1700,    1.3400,   112.0,189506,    86, , ,D,000023
AGE00147712,                  "ORLEANSVILLE (CHLEF)",  36.1700,    1.3400,   112.0,189507,     0,A, ,D,000023
AGE00147712,                  "ORLEANSVILLE (CHLEF)",  36.1700,    1.3400,   112.0,189510,   202,A, ,D,000023
AGE00147712,                  "ORLEANSVILLE (CHLEF)",  36.1700,    1.3400,   112.0,189511,    74, , ,D,000023
AGE00147712,                  "ORLEANSVILLE (CHLEF)",  36.1700,    1.3400,   112.0,189512,   593,A, ,D,000023
AGE00147712,                  "ORLEANSVILLE (CHLEF)",  36.1700,    1.3400,   112.0,189701,   555,A, ,D,000023
AGE00147712,                  "ORLEANSVILLE (CHLEF)",  36.1700,    1.3400,   112.0,189702,   284, , ,D,000023
AGE00147712,                  "ORLEANSVILLE (CHLEF)",  36.1700,    1.3400,   112.0,189703,    96,B, ,D,000023
AGE00147712,                  "ORLEANSVILLE (CHLEF)",  36.1700,    1.3400,   112.0,189704,    97,A, ,D,000023
AGE00147712,                  "ORLEANSVILLE (CHLEF)",  36.1700,    1.3400,   112.0,189705,    88, , ,D,000023
AGE00147712,                  "ORLEANSVILLE (CHLEF)",  36.1700,    1.3400,   112.0,189707,     0,A, ,D,000023
AGE00147712,                  "ORLEANSVILLE (CHLEF)",  36.1700,    1.3400,   112.0,189708,     0, , ,D,000023
AGE00147712,                  "ORLEANSVILLE (CHLEF)",  36.1700,    1.3400,   112.0,189710,    64, , ,D,000023
AGE00147712,                  "ORLEANSVILLE (CHLEF)",  36.1700,    1.3400,   112.0,189711,   185, , ,D,000023
AGE00147712,                  "ORLEANSVILLE (CHLEF)",  36.1700,    1.3400,   112.0,189712,   535,B, ,D,000023
AGE00147712,                  "ORLEANSVILLE (CHLEF)",  36.1700,    1.3400,   112.0,189801,   493,A, ,D,000023
AGE00147712,                  "ORLEANSVILLE (CHLEF)",  36.1700,    1.3400,   112.0,189802,   541, , ,D,000023
AGE00147712,                  "ORLEANSVILLE (CHLEF)",  36.1700,    1.3400,   112.0,189803,   977,A, ,D,000023
AGE00147712,                  "ORLEANSVILLE (CHLEF)",  36.1700,    1.3400,   112.0,189804,   427, , ,D,000023
AGE00147712,                  "ORLEANSVILLE (CHLEF)",  36.1700,    1.3400,   112.0,189805,    86,A, ,D,000023
AGE00147712,                  "ORLEANSVILLE (CHLEF)",  36.1700,    1.3400,   112.0,189806,     0, , ,D,000023
AGE00147712,                  "ORLEANSVILLE (CHLEF)",  36.1700,    1.3400,   112.0,189807,     0,A, ,D,000023
AGE00147712,                  "ORLEANSVILLE (CHLEF)",  36.1700,    1.3400,   112.0,189808,     0, , ,D,000023
AGE00147712,                  "ORLEANSVILLE (CHLEF)",  36.1700,    1.3400,   112.0,189809,   539, , ,D,000023
AGE00147712,                  "ORLEANSVILLE (CHLEF)",  36.1700,    1.3400,   112.0,189810,    99, , ,D,000023
AGE00147712,                  "ORLEANSVILLE (CHLEF)",  36.1700,    1.3400,   112.0,189811,   898, , ,D,000023
AGE00147712,                  "ORLEANSVILLE (CHLEF)",  36.1700,    1.3400,   112.0,189812,   381,A, ,D,000023
AGE00147712,                  "ORLEANSVILLE (CHLEF)",  36.1700,    1.3400,   112.0,189901,   184,A, ,D,000023
AGE00147712,                  "ORLEANSVILLE (CHLEF)",  36.1700,    1.3400,   112.0,189902,   588, , ,D,000023
AGE00147712,                  "ORLEANSVILLE (CHLEF)",  36.1700,    1.3400,   112.0,189903,   347, , ,D,000023
AGE00147712,                  "ORLEANSVILLE (CHLEF)",  36.1700,    1.3400,   112.0,189904,   184, , ,D,000023
AGE00147712,                  "ORLEANSVILLE (CHLEF)",  36.1700,    1.3400,   112.0,189905,   516,B, ,D,000023
AGE00147712,                  "ORLEANSVILLE (CHLEF)",  36.1700,    1.3400,   112.0,189906,   108,B, ,D,000023
AGE00147712,                  "ORLEANSVILLE (CHLEF)",  36.1700,    1.3400,   112.0,189907,     0, , ,D,000023
AGE00147712,                  "ORLEANSVILLE (CHLEF)",  36.1700,    1.3400,   112.0,189908,    52, , ,D,000023
AGE00147712,                  "ORLEANSVILLE (CHLEF)",  36.1700,    1.3400,   112.0,189909,   138, , ,D,000023
AGE00147712,                  "ORLEANSVILLE (CHLEF)",  36.1700,    1.3400,   112.0,189910,     0,A, ,D,000023
AGE00147712,                  "ORLEANSVILLE (CHLEF)",  36.1700,    1.3400,   112.0,189911,   199,B, ,D,000023
AGE00147712,                  "ORLEANSVILLE (CHLEF)",  36.1700,    1.3400,   112.0,189912,   876,A, ,D,000023
AGE00147712,                  "ORLEANSVILLE (CHLEF)",  36.1700,    1.3400,   112.0,190001,   453,B, ,D,000023
AGE00147712,                  "ORLEANSVILLE (CHLEF)",  36.1700,    1.3400,   112.0,190002,   168,A, ,D,000023
AGE00147712,                  "ORLEANSVILLE (CHLEF)",  36.1700,    1.3400,   112.0,190003,   356,D, ,D,000023
AGE00147712,                  "ORLEANSVILLE (CHLEF)",  36.1700,    1.3400,   112.0,190004,   903,A, ,D,000023
AGE00147712,                  "ORLEANSVILLE (CHLEF)",  36.1700,    1.3400,   112.0,190005,  1101,B, ,D,000023
AGE00147712,                  "ORLEANSVILLE (CHLEF)",  36.1700,    1.3400,   112.0,190006,   175,E, ,D,000023
AGE00147712,                  "ORLEANSVILLE (CHLEF)",  36.1700,    1.3400,   112.0,190007,    27,E, ,D,000023
AGE00147712,                  "ORLEANSVILLE (CHLEF)",  36.1700,    1.3400,   112.0,190008,     8, , ,D,000023
AGE00147712,                  "ORLEANSVILLE (CHLEF)",  36.1700,    1.3400,   112.0,190009,   469,A, ,D,000023
AGE00147712,                  "ORLEANSVILLE (CHLEF)",  36.1700,    1.3400,   112.0,190010,   453, , ,D,000023
AGE00147712,                  "ORLEANSVILLE (CHLEF)",  36.1700,    1.3400,   112.0,190011,  1599,A, ,D,000023
AGE00147712,                  "ORLEANSVILLE (CHLEF)",  36.1700,    1.3400,   112.0,190012,   135,C, ,D,000023
AGE00147712,                  "ORLEANSVILLE (CHLEF)",  36.1700,    1.3400,   112.0,190101,   440,A, ,D,000023
AGE00147712,                  "ORLEANSVILLE (CHLEF)",  36.1700,    1.3400,   112.0,190102,   662, , ,D,000023
AGE00147712,                  "ORLEANSVILLE (CHLEF)",  36.1700,    1.3400,   112.0,190103,   802, , ,D,000023
AGE00147712,                  "ORLEANSVILLE (CHLEF)",  36.1700,    1.3400,   112.0,190104,    74,D, ,D,000023
AGE00147712,                  "ORLEANSVILLE (CHLEF)",  36.1700,    1.3400,   112.0,190105,   819,D, ,D,000023
AGE00147712,                  "ORLEANSVILLE (CHLEF)",  36.1700,    1.3400,   112.0,190106,    40,A, ,D,000023
AGE00147712,                  "ORLEANSVILLE (CHLEF)",  36.1700,    1.3400,   112.0,190107,   169,C, ,D,000023
AGE00147712,                  "ORLEANSVILLE (CHLEF)",  36.1700,    1.3400,   112.0,190108,    50,A, ,D,000023
AGE00147712,                  "ORLEANSVILLE (CHLEF)",  36.1700,    1.3400,   112.0,190109,    74,A, ,D,000023
AGE00147712,                  "ORLEANSVILLE (CHLEF)",  36.1700,    1.3400,   112.0,190110,  1259, , ,D,000023
AGE00147712,                  "ORLEANSVILLE (CHLEF)",  36.1700,    1.3400,   112.0,190111,   597, , ,D,000023
AGE00147712,                  "ORLEANSVILLE (CHLEF)",  36.1700,    1.3400,   112.0,190112,   973,A, ,D,000023
AGE00147712,                  "ORLEANSVILLE (CHLEF)",  36.1700,    1.3400,   112.0,190201,   203, , ,D,000023
AGE00147712,                  "ORLEANSVILLE (CHLEF)",  36.1700,    1.3400,   112.0,190202,   248, , ,D,000023
AGE00147712,                  "ORLEANSVILLE (CHLEF)",  36.1700,    1.3400,   112.0,190203,   236,A, ,D,000023
AGE00147712,                  "ORLEANSVILLE (CHLEF)",  36.1700,    1.3400,   112.0,190204,   187,A, ,D,000023
AGE00147712,                  "ORLEANSVILLE (CHLEF)",  36.1700,    1.3400,   112.0,190205,   348, , ,D,000023
AGE00147712,                  "ORLEANSVILLE (CHLEF)",  36.1700,    1.3400,   112.0,190206,     8, , ,D,000023
AGE00147712,                  "ORLEANSVILLE (CHLEF)",  36.1700,    1.3400,   112.0,190208,     0, , ,D,000023
AGE00147712,                  "ORLEANSVILLE (CHLEF)",  36.1700,    1.3400,   112.0,190209,   196, , ,D,000023
AGE00147712,                  "ORLEANSVILLE (CHLEF)",  36.1700,    1.3400,   112.0,190210,  1064,A, ,D,000023
AGE00147712,                  "ORLEANSVILLE (CHLEF)",  36.1700,    1.3400,   112.0,190211,   984, , ,D,000023
AGE00147712,                  "ORLEANSVILLE (CHLEF)",  36.1700,    1.3400,   112.0,190212,   343, , ,D,000023
AGE00147712,                  "ORLEANSVILLE (CHLEF)",  36.1700,    1.3400,   112.0,190301,   400,A, ,D,000023
AGE00147712,                  "ORLEANSVILLE (CHLEF)",  36.1700,    1.3400,   112.0,190302,    20, , ,D,000023
AGE00147712,                  "ORLEANSVILLE (CHLEF)",  36.1700,    1.3400,   112.0,190303,    79, , ,D,000023
AGE00147712,                  "ORLEANSVILLE (CHLEF)",  36.1700,    1.3400,   112.0,190304,   204, , ,D,000023
AGE00147712,                  "ORLEANSVILLE (CHLEF)",  36.1700,    1.3400,   112.0,190305,   143, , ,D,000023
AGE00147712,                  "ORLEANSVILLE (CHLEF)",  36.1700,    1.3400,   112.0,190306,   295, , ,D,000023
AGE00147712,                  "ORLEANSVILLE (CHLEF)",  36.1700,    1.3400,   112.0,190307,   160, , ,D,000023
AGE00147712,                  "ORLEANSVILLE (CHLEF)",  36.1700,    1.3400,   112.0,190308,     0,A, ,D,000023
AGE00147712,                  "ORLEANSVILLE (CHLEF)",  36.1700,    1.3400,   112.0,190309,   154,B, ,D,000023
AGE00147712,                  "ORLEANSVILLE (CHLEF)",  36.1700,    1.3400,   112.0,190310,   456,C, ,D,000023
AGE00147712,                  "ORLEANSVILLE (CHLEF)",  36.1700,    1.3400,   112.0,190311,   806, , ,D,000023
AGE00147712,                  "ORLEANSVILLE (CHLEF)",  36.1700,    1.3400,   112.0,190312,   758,A, ,D,000023
AGE00147712,                  "ORLEANSVILLE (CHLEF)",  36.1700,    1.3400,   112.0,190401,  1772,A, ,D,000023
AGE00147712,                  "ORLEANSVILLE (CHLEF)",  36.1700,    1.3400,   112.0,190402,   816,B, ,D,000023
AGE00147712,                  "ORLEANSVILLE (CHLEF)",  36.1700,    1.3400,   112.0,190403,  1145, , ,D,000023
AGE00147712,                  "ORLEANSVILLE (CHLEF)",  36.1700,    1.3400,   112.0,190404,   548, , ,D,000023
AGE00147712,                  "ORLEANSVILLE (CHLEF)",  36.1700,    1.3400,   112.0,190405,     0, , ,D,000023
AGE00147712,                  "ORLEANSVILLE (CHLEF)",  36.1700,    1.3400,   112.0,190406,    48,A, ,D,000023
AGE00147712,                  "ORLEANSVILLE (CHLEF)",  36.1700,    1.3400,   112.0,190407,     0, , ,D,000023
AGE00147712,                  "ORLEANSVILLE (CHLEF)",  36.1700,    1.3400,   112.0,190408,     0, , ,D,000023
AGE00147712,                  "ORLEANSVILLE (CHLEF)",  36.1700,    1.3400,   112.0,190409,   208, , ,D,000023
AGE00147712,                  "ORLEANSVILLE (CHLEF)",  36.1700,    1.3400,   112.0,190410,   285, , ,D,000023
AGE00147712,                  "ORLEANSVILLE (CHLEF)",  36.1700,    1.3400,   112.0,190411,   415, , ,D,000023
AGE00147712,                  "ORLEANSVILLE (CHLEF)",  36.1700,    1.3400,   112.0,190412,   583, , ,D,000023
AGE00147712,                  "ORLEANSVILLE (CHLEF)",  36.1700,    1.3400,   112.0,190501,   180, , ,D,000023
AGE00147712,                  "ORLEANSVILLE (CHLEF)",  36.1700,    1.3400,   112.0,190502,   437, , ,D,000023
AGE00147712,                  "ORLEANSVILLE (CHLEF)",  36.1700,    1.3400,   112.0,190503,   303,A, ,D,000023
AGE00147712,                  "ORLEANSVILLE (CHLEF)",  36.1700,    1.3400,   112.0,190504,   142, , ,D,000023
AGE00147712,                  "ORLEANSVILLE (CHLEF)",  36.1700,    1.3400,   112.0,190505,   371,A, ,D,000023
AGE00147712,                  "ORLEANSVILLE (CHLEF)",  36.1700,    1.3400,   112.0,190506,    87,B, ,D,000023
AGE00147712,                  "ORLEANSVILLE (CHLEF)",  36.1700,    1.3400,   112.0,190507,     0, , ,D,000023
AGE00147712,                  "ORLEANSVILLE (CHLEF)",  36.1700,    1.3400,   112.0,190508,    33,B, ,D,000023
AGE00147712,                  "ORLEANSVILLE (CHLEF)",  36.1700,    1.3400,   112.0,190509,    37,A, ,D,000023
AGE00147712,                  "ORLEANSVILLE (CHLEF)",  36.1700,    1.3400,   112.0,190510,   190, , ,D,000023
AGE00147712,                  "ORLEANSVILLE (CHLEF)",  36.1700,    1.3400,   112.0,190511,   658, , ,D,000023
AGE00147712,                  "ORLEANSVILLE (CHLEF)",  36.1700,    1.3400,   112.0,190512,   356,A, ,D,000023
AGE00147712,                  "ORLEANSVILLE (CHLEF)",  36.1700,    1.3400,   112.0,190601,   383, , ,D,000023
AGE00147712,                  "ORLEANSVILLE (CHLEF)",  36.1700,    1.3400,   112.0,190602,   562, , ,D,000023
AGE00147712,                  "ORLEANSVILLE (CHLEF)",  36.1700,    1.3400,   112.0,190603,   379,A, ,D,000023
AGE00147712,                  "ORLEANSVILLE (CHLEF)",  36.1700,    1.3400,   112.0,190604,   471,B, ,D,000023
AGE00147712,                  "ORLEANSVILLE (CHLEF)",  36.1700,    1.3400,   112.0,190605,   181, , ,D,000023
AGE00147712,                  "ORLEANSVILLE (CHLEF)",  36.1700,    1.3400,   112.0,190606,    20,D, ,D,000023
AGE00147712,                  "ORLEANSVILLE (CHLEF)",  36.1700,    1.3400,   112.0,190607,   111,B, ,D,000023
AGE00147712,                  "ORLEANSVILLE (CHLEF)",  36.1700,    1.3400,   112.0,190608,     0,C, ,D,000023
AGE00147712,                  "ORLEANSVILLE (CHLEF)",  36.1700,    1.3400,   112.0,190609,   879, , ,D,000023
AGE00147712,                  "ORLEANSVILLE (CHLEF)",  36.1700,    1.3400,   112.0,190610,  1204, , ,D,000023
AGE00147712,                  "ORLEANSVILLE (CHLEF)",  36.1700,    1.3400,   112.0,190611,   221,B, ,D,000023
AGE00147712,                  "ORLEANSVILLE (CHLEF)",  36.1700,    1.3400,   112.0,190612,  1359, , ,D,000023
AGE00147712,                  "ORLEANSVILLE (CHLEF)",  36.1700,    1.3400,   112.0,190701,   188, , ,D,000023
AGE00147712,                  "ORLEANSVILLE (CHLEF)",  36.1700,    1.3400,   112.0,190702,   860, , ,D,000023
AGE00147712,                  "ORLEANSVILLE (CHLEF)",  36.1700,    1.3400,   112.0,190703,   157,A, ,D,000023
AGE00147712,                  "ORLEANSVILLE (CHLEF)",  36.1700,    1.3400,   112.0,190704,   378,C, ,D,000023
AGE00147712,                  "ORLEANSVILLE (CHLEF)",  36.1700,    1.3400,   112.0,190705,   100,A, ,D,000023
AGE00147712,                  "ORLEANSVILLE (CHLEF)",  36.1700,    1.3400,   112.0,190706,    39,A, ,D,000023
AGE00147712,                  "ORLEANSVILLE (CHLEF)",  36.1700,    1.3400,   112.0,190707,     0,D, ,D,000023
AGE00147712,                  "ORLEANSVILLE (CHLEF)",  36.1700,    1.3400,   112.0,190708,     0, , ,D,000023
AGE00147712,                  "ORLEANSVILLE (CHLEF)",  36.1700,    1.3400,   112.0,190709,   216,B, ,D,000023
AGE00147712,                  "ORLEANSVILLE (CHLEF)",  36.1700,    1.3400,   112.0,190710,   585, , ,D,000023
AGE00147712,                  "ORLEANSVILLE (CHLEF)",  36.1700,    1.3400,   112.0,190711,   942,A, ,D,000023
AGE00147712,                  "ORLEANSVILLE (CHLEF)",  36.1700,    1.3400,   112.0,190712,   354, , ,D,000023
AGE00147712,                  "ORLEANSVILLE (CHLEF)",  36.1700,    1.3400,   112.0,190801,   332,A, ,D,000023
AGE00147712,                  "ORLEANSVILLE (CHLEF)",  36.1700,    1.3400,   112.0,190802,   712, , ,D,000023
AGE00147712,                  "ORLEANSVILLE (CHLEF)",  36.1700,    1.3400,   112.0,190803,   847, , ,D,000023
AGE00147712,                  "ORLEANSVILLE (CHLEF)",  36.1700,    1.3400,   112.0,190804,   704,A, ,D,000023
AGE00147712,                  "ORLEANSVILLE (CHLEF)",  36.1700,    1.3400,   112.0,190805,   272,A, ,D,000023
AGE00147712,                  "ORLEANSVILLE (CHLEF)",  36.1700,    1.3400,   112.0,190806,   429,A, ,D,000023
AGE00147712,                  "ORLEANSVILLE (CHLEF)",  36.1700,    1.3400,   112.0,190807,    21, , ,D,000023
AGE00147712,                  "ORLEANSVILLE (CHLEF)",  36.1700,    1.3400,   112.0,190808,    24, , ,D,000023
AGE00147712,                  "ORLEANSVILLE (CHLEF)",  36.1700,    1.3400,   112.0,190809,   142, , ,D,000023
AGE00147712,                  "ORLEANSVILLE (CHLEF)",  36.1700,    1.3400,   112.0,190810,   207,B, ,D,000023
AGE00147712,                  "ORLEANSVILLE (CHLEF)",  36.1700,    1.3400,   112.0,190811,   240, , ,D,000023
AGE00147712,                  "ORLEANSVILLE (CHLEF)",  36.1700,    1.3400,   112.0,190812,   520,A, ,D,000023
AGE00147712,                  "ORLEANSVILLE (CHLEF)",  36.1700,    1.3400,   112.0,190901,   650, , ,D,000023
AGE00147712,                  "ORLEANSVILLE (CHLEF)",  36.1700,    1.3400,   112.0,190902,   203,A, ,D,000023
AGE00147712,                  "ORLEANSVILLE (CHLEF)",  36.1700,    1.3400,   112.0,190903,   556, , ,D,000023
AGE00147712,                  "ORLEANSVILLE (CHLEF)",  36.1700,    1.3400,   112.0,190904,   259, , ,D,000023
AGE00147712,                  "ORLEANSVILLE (CHLEF)",  36.1700,    1.3400,   112.0,190905,   355,C, ,D,000023
AGE00147712,                  "ORLEANSVILLE (CHLEF)",  36.1700,    1.3400,   112.0,190906,   148,B, ,D,000023
AGE00147712,                  "ORLEANSVILLE (CHLEF)",  36.1700,    1.3400,   112.0,190907,     0, , ,D,000023
AGE00147712,                  "ORLEANSVILLE (CHLEF)",  36.1700,    1.3400,   112.0,190908,     0, , ,D,000023
AGE00147712,                  "ORLEANSVILLE (CHLEF)",  36.1700,    1.3400,   112.0,190909,     0,D, ,D,000023
AGE00147712,                  "ORLEANSVILLE (CHLEF)",  36.1700,    1.3400,   112.0,190910,   313, , ,D,000023
AGE00147712,                  "ORLEANSVILLE (CHLEF)",  36.1700,    1.3400,   112.0,190911,   222, , ,D,000023
AGE00147712,                  "ORLEANSVILLE (CHLEF)",  36.1700,    1.3400,   112.0,190912,   301,A, ,D,000023
AGE00147712,                  "ORLEANSVILLE (CHLEF)",  36.1700,    1.3400,   112.0,191001,   440, , ,D,000023
AGE00147712,                  "ORLEANSVILLE (CHLEF)",  36.1700,    1.3400,   112.0,191002,   331,A, ,D,000023
AGE00147712,                  "ORLEANSVILLE (CHLEF)",  36.1700,    1.3400,   112.0,191003,   669,A, ,D,000023
AGE00147712,                  "ORLEANSVILLE (CHLEF)",  36.1700,    1.3400,   112.0,191004,   421, , ,D,000023
AGE00147712,                  "ORLEANSVILLE (CHLEF)",  36.1700,    1.3400,   112.0,191005,   891,A, ,D,000023
AGE00147712,                  "ORLEANSVILLE (CHLEF)",  36.1700,    1.3400,   112.0,191006,    62,A, ,D,000023
AGE00147712,                  "ORLEANSVILLE (CHLEF)",  36.1700,    1.3400,   112.0,191007,     0,A, ,D,000023
AGE00147712,                  "ORLEANSVILLE (CHLEF)",  36.1700,    1.3400,   112.0,191008,     0,A, ,D,000023
AGE00147712,                  "ORLEANSVILLE (CHLEF)",  36.1700,    1.3400,   112.0,191009,   358,C, ,D,000023
AGE00147712,                  "ORLEANSVILLE (CHLEF)",  36.1700,    1.3400,   112.0,191010,     3,A, ,D,000023
AGE00147712,                  "ORLEANSVILLE (CHLEF)",  36.1700,    1.3400,   112.0,191011,   341,A, ,D,000023
AGE00147712,                  "ORLEANSVILLE (CHLEF)",  36.1700,    1.3400,   112.0,191012,   627,A, ,D,000023
AGE00147712,                  "ORLEANSVILLE (CHLEF)",  36.1700,    1.3400,   112.0,191101,   418,A, ,D,000023
AGE00147712,                  "ORLEANSVILLE (CHLEF)",  36.1700,    1.3400,   112.0,191102,   439,A, ,D,000023
AGE00147712,                  "ORLEANSVILLE (CHLEF)",  36.1700,    1.3400,   112.0,191103,   882,A, ,D,000023
AGE00147712,                  "ORLEANSVILLE (CHLEF)",  36.1700,    1.3400,   112.0,191104,   567,A, ,D,000023
AGE00147712,                  "ORLEANSVILLE (CHLEF)",  36.1700,    1.3400,   112.0,191105,   401, , ,D,000023
AGE00147712,                  "ORLEANSVILLE (CHLEF)",  36.1700,    1.3400,   112.0,191106,   217,A, ,D,000023
AGE00147712,                  "ORLEANSVILLE (CHLEF)",  36.1700,    1.3400,   112.0,191107,     0, , ,D,000023
AGE00147712,                  "ORLEANSVILLE (CHLEF)",  36.1700,    1.3400,   112.0,191108,     0, , ,D,000023
AGE00147712,                  "ORLEANSVILLE (CHLEF)",  36.1700,    1.3400,   112.0,191109,    26, , ,D,000023
AGE00147712,                  "ORLEANSVILLE (CHLEF)",  36.1700,    1.3400,   112.0,191110,   716, , ,D,000023
AGE00147712,                  "ORLEANSVILLE (CHLEF)",  36.1700,    1.3400,   112.0,191111,   730,A, ,D,000023
AGE00147712,                  "ORLEANSVILLE (CHLEF)",  36.1700,    1.3400,   112.0,191112,    89, , ,D,000023
AGE00147712,                  "ORLEANSVILLE (CHLEF)",  36.1700,    1.3400,   112.0,191201,   604, , ,D,000023
AGE00147712,                  "ORLEANSVILLE (CHLEF)",  36.1700,    1.3400,   112.0,191202,   259, , ,D,000023
AGE00147712,                  "ORLEANSVILLE (CHLEF)",  36.1700,    1.3400,   112.0,191203,   188, , ,D,000023
AGE00147712,                  "ORLEANSVILLE (CHLEF)",  36.1700,    1.3400,   112.0,191204,   595,A, ,D,000023
AGE00147712,                  "ORLEANSVILLE (CHLEF)",  36.1700,    1.3400,   112.0,191205,    10, , ,D,000023
AGE00147712,                  "ORLEANSVILLE (CHLEF)",  36.1700,    1.3400,   112.0,191206,    90, , ,D,000023
AGE00147712,                  "ORLEANSVILLE (CHLEF)",  36.1700,    1.3400,   112.0,191207,     0, , ,D,000023
AGE00147712,                  "ORLEANSVILLE (CHLEF)",  36.1700,    1.3400,   112.0,191208,    49, , ,D,000023
AGE00147712,                  "ORLEANSVILLE (CHLEF)",  36.1700,    1.3400,   112.0,191209,   199, , ,D,000023
AGE00147712,                  "ORLEANSVILLE (CHLEF)",  36.1700,    1.3400,   112.0,191210,   330, , ,D,000023
AGE00147712,                  "ORLEANSVILLE (CHLEF)",  36.1700,    1.3400,   112.0,191211,   932,B, ,D,000023
AGE00147712,                  "ORLEANSVILLE (CHLEF)",  36.1700,    1.3400,   112.0,191212,    77,D, ,D,000023
AGE00147712,                  "ORLEANSVILLE (CHLEF)",  36.1700,    1.3400,   112.0,191301,   316, , ,D,000023
AGE00147712,                  "ORLEANSVILLE (CHLEF)",  36.1700,    1.3400,   112.0,191302,   928,B, ,D,000023
AGE00147712,                  "ORLEANSVILLE (CHLEF)",  36.1700,    1.3400,   112.0,191303,   341, , ,D,000023
AGE00147712,                  "ORLEANSVILLE (CHLEF)",  36.1700,    1.3400,   112.0,191304,   301,A, ,D,000023
AGE00147712,                  "ORLEANSVILLE (CHLEF)",  36.1700,    1.3400,   112.0,191305,    32, , ,D,000023
AGE00147712,                  "ORLEANSVILLE (CHLEF)",  36.1700,    1.3400,   112.0,191306,    60,A, ,D,000023
AGE00147712,                  "ORLEANSVILLE (CHLEF)",  36.1700,    1.3400,   112.0,191307,     0,A, ,D,000023
AGE00147712,                  "ORLEANSVILLE (CHLEF)",  36.1700,    1.3400,   112.0,191308,     0,A, ,D,000023
AGE00147712,                  "ORLEANSVILLE (CHLEF)",  36.1700,    1.3400,   112.0,191309,   117, , ,D,000023
AGE00147712,                  "ORLEANSVILLE (CHLEF)",  36.1700,    1.3400,   112.0,191310,    45,A, ,D,000023
AGE00147712,                  "ORLEANSVILLE (CHLEF)",  36.1700,    1.3400,   112.0,191311,    49,A, ,D,000023
AGE00147712,                  "ORLEANSVILLE (CHLEF)",  36.1700,    1.3400,   112.0,191312,   485, , ,D,000023
AGE00147712,                  "ORLEANSVILLE (CHLEF)",  36.1700,    1.3400,   112.0,191401,  1206,B, ,D,000023
AGE00147712,                  "ORLEANSVILLE (CHLEF)",  36.1700,    1.3400,   112.0,191402,   396,A, ,D,000023
AGE00147712,                  "ORLEANSVILLE (CHLEF)",  36.1700,    1.3400,   112.0,191403,   143,A, ,D,000023
AGE00147712,                  "ORLEANSVILLE (CHLEF)",  36.1700,    1.3400,   112.0,191404,   240,B, ,D,000023
AGE00147712,                  "ORLEANSVILLE (CHLEF)",  36.1700,    1.3400,   112.0,191405,   437,A, ,D,000023
AGE00147712,                  "ORLEANSVILLE (CHLEF)",  36.1700,    1.3400,   112.0,191406,   136,A, ,D,000023
AGE00147712,                  "ORLEANSVILLE (CHLEF)",  36.1700,    1.3400,   112.0,191407,     0, , ,D,000023
AGE00147712,                  "ORLEANSVILLE (CHLEF)",  36.1700,    1.3400,   112.0,191409,   133,A, ,D,000023
AGE00147712,                  "ORLEANSVILLE (CHLEF)",  36.1700,    1.3400,   112.0,191410,   222, , ,D,000023
AGE00147712,                  "ORLEANSVILLE (CHLEF)",  36.1700,    1.3400,   112.0,191411,   341,B, ,D,000023
AGE00147712,                  "ORLEANSVILLE (CHLEF)",  36.1700,    1.3400,   112.0,191412,   522,E, ,D,000023
AGE00147712,                  "ORLEANSVILLE (CHLEF)",  36.1700,    1.3400,   112.0,191501,  1146,C, ,D,000023
AGE00147712,                  "ORLEANSVILLE (CHLEF)",  36.1700,    1.3400,   112.0,191502,   343,A, ,D,000023
AGE00147712,                  "ORLEANSVILLE (CHLEF)",  36.1700,    1.3400,   112.0,191503,   256,B, ,D,000023
AGE00147712,                  "ORLEANSVILLE (CHLEF)",  36.1700,    1.3400,   112.0,191504,   138,B, ,D,000023
AGE00147712,                  "ORLEANSVILLE (CHLEF)",  36.1700,    1.3400,   112.0,191505,   606, , ,D,000023
AGE00147712,                  "ORLEANSVILLE (CHLEF)",  36.1700,    1.3400,   112.0,191506,    28, , ,D,000023
AGE00147712,                  "ORLEANSVILLE (CHLEF)",  36.1700,    1.3400,   112.0,191507,     0, , ,D,000023
AGE00147712,                  "ORLEANSVILLE (CHLEF)",  36.1700,    1.3400,   112.0,191508,     0,A, ,D,000023
AGE00147712,                  "ORLEANSVILLE (CHLEF)",  36.1700,    1.3400,   112.0,191509,   103, , ,D,000023
AGE00147712,                  "ORLEANSVILLE (CHLEF)",  36.1700,    1.3400,   112.0,191510,   487,A, ,D,000023
AGE00147712,                  "ORLEANSVILLE (CHLEF)",  36.1700,    1.3400,   112.0,191511,   382,D, ,D,000023
AGE00147712,                  "ORLEANSVILLE (CHLEF)",  36.1700,    1.3400,   112.0,191512,   190,B, ,D,000023
AGE00147712,                  "ORLEANSVILLE (CHLEF)",  36.1700,    1.3400,   112.0,191601,   306,A, ,D,000023
AGE00147712,                  "ORLEANSVILLE (CHLEF)",  36.1700,    1.3400,   112.0,191602,   686, , ,D,000023
AGE00147712,                  "ORLEANSVILLE (CHLEF)",  36.1700,    1.3400,   112.0,191603,   636,B, ,D,000023
AGE00147712,                  "ORLEANSVILLE (CHLEF)",  36.1700,    1.3400,   112.0,191604,   619,B, ,D,000023
AGE00147712,                  "ORLEANSVILLE (CHLEF)",  36.1700,    1.3400,   112.0,191605,   292,A, ,D,000023
AGE00147712,                  "ORLEANSVILLE (CHLEF)",  36.1700,    1.3400,   112.0,191606,     4, , ,D,000023
AGE00147712,                  "ORLEANSVILLE (CHLEF)",  36.1700,    1.3400,   112.0,191607,     9,A, ,D,000023
AGE00147712,                  "ORLEANSVILLE (CHLEF)",  36.1700,    1.3400,   112.0,191608,     0, , ,D,000023
AGE00147712,                  "ORLEANSVILLE (CHLEF)",  36.1700,    1.3400,   112.0,191609,    69,A, ,D,000023
AGE00147712,                  "ORLEANSVILLE (CHLEF)",  36.1700,    1.3400,   112.0,191610,   124, , ,D,000023
AGE00147712,                  "ORLEANSVILLE (CHLEF)",  36.1700,    1.3400,   112.0,191611,  1629, , ,D,000023
AGE00147712,                  "ORLEANSVILLE (CHLEF)",  36.1700,    1.3400,   112.0,191612,   692,B, ,D,000023
AGE00147712,                  "ORLEANSVILLE (CHLEF)",  36.1700,    1.3400,   112.0,191701,   686, , ,D,000023
AGE00147712,                  "ORLEANSVILLE (CHLEF)",  36.1700,    1.3400,   112.0,191702,   252,C, ,D,000023
AGE00147712,                  "ORLEANSVILLE (CHLEF)",  36.1700,    1.3400,   112.0,191703,   790,A, ,D,000023
AGE00147712,                  "ORLEANSVILLE (CHLEF)",  36.1700,    1.3400,   112.0,191704,    12,C, ,D,000023
AGE00147712,                  "ORLEANSVILLE (CHLEF)",  36.1700,    1.3400,   112.0,191705,   504,E, ,D,000023
AGE00147712,                  "ORLEANSVILLE (CHLEF)",  36.1700,    1.3400,   112.0,191706,   371,B, ,D,000023
AGE00147712,                  "ORLEANSVILLE (CHLEF)",  36.1700,    1.3400,   112.0,191707,     0,C, ,D,000023
AGE00147712,                  "ORLEANSVILLE (CHLEF)",  36.1700,    1.3400,   112.0,191708,     0, , ,D,000023
AGE00147712,                  "ORLEANSVILLE (CHLEF)",  36.1700,    1.3400,   112.0,191709,    15, , ,D,000023
AGE00147712,                  "ORLEANSVILLE (CHLEF)",  36.1700,    1.3400,   112.0,191710,   237,A, ,D,000023
AGE00147712,                  "ORLEANSVILLE (CHLEF)",  36.1700,    1.3400,   112.0,191711,   567,B, ,D,000023
AGE00147712,                  "ORLEANSVILLE (CHLEF)",  36.1700,    1.3400,   112.0,191712,   802,A, ,D,000023
AGE00147712,                  "ORLEANSVILLE (CHLEF)",  36.1700,    1.3400,   112.0,191901,   630, , ,D,000023
AGE00147712,                  "ORLEANSVILLE (CHLEF)",  36.1700,    1.3400,   112.0,191902,   303,A, ,D,000023
AGE00147712,                  "ORLEANSVILLE (CHLEF)",  36.1700,    1.3400,   112.0,191903,   194, , ,D,000023
AGE00147712,                  "ORLEANSVILLE (CHLEF)",  36.1700,    1.3400,   112.0,191904,   133,B, ,D,000023
AGE00147712,                  "ORLEANSVILLE (CHLEF)",  36.1700,    1.3400,   112.0,191905,    78, , ,D,000023
AGE00147712,                  "ORLEANSVILLE (CHLEF)",  36.1700,    1.3400,   112.0,191906,    62, , ,D,000023
AGE00147712,                  "ORLEANSVILLE (CHLEF)",  36.1700,    1.3400,   112.0,191907,     0, , ,D,000023
AGE00147712,                  "ORLEANSVILLE (CHLEF)",  36.1700,    1.3400,   112.0,191908,     0, , ,D,000023
AGE00147712,                  "ORLEANSVILLE (CHLEF)",  36.1700,    1.3400,   112.0,191909,   170, , ,D,000023
AGE00147712,                  "ORLEANSVILLE (CHLEF)",  36.1700,    1.3400,   112.0,191910,   391, , ,D,000023
AGE00147712,                  "ORLEANSVILLE (CHLEF)",  36.1700,    1.3400,   112.0,191911,   240, , ,D,000023
AGE00147712,                  "ORLEANSVILLE (CHLEF)",  36.1700,    1.3400,   112.0,191912,   202, , ,D,000023
AGE00147712,                  "ORLEANSVILLE (CHLEF)",  36.1700,    1.3400,   112.0,192001,   235, , ,D,000023
AGE00147712,                  "ORLEANSVILLE (CHLEF)",  36.1700,    1.3400,   112.0,192002,   529, , ,D,000023
AGE00147712,                  "ORLEANSVILLE (CHLEF)",  36.1700,    1.3400,   112.0,192003,   354,B, ,D,000023
AGE00147712,                  "ORLEANSVILLE (CHLEF)",  36.1700,    1.3400,   112.0,192004,    85, , ,D,000023
AGE00147712,                  "ORLEANSVILLE (CHLEF)",  36.1700,    1.3400,   112.0,192005,   174, , ,D,000023
AGE00147712,                  "ORLEANSVILLE (CHLEF)",  36.1700,    1.3400,   112.0,192006,    73, , ,D,000023
AGE00147712,                  "ORLEANSVILLE (CHLEF)",  36.1700,    1.3400,   112.0,192010,   546, , ,D,000023
AGE00147712,                  "ORLEANSVILLE (CHLEF)",  36.1700,    1.3400,   112.0,192011,  1147,A, ,D,000023
AGE00147712,                  "ORLEANSVILLE (CHLEF)",  36.1700,    1.3400,   112.0,192012,   560, , ,D,000023
AGE00147712,                  "ORLEANSVILLE (CHLEF)",  36.1700,    1.3400,   112.0,192101,   505, , ,D,000023
AGE00147712,                  "ORLEANSVILLE (CHLEF)",  36.1700,    1.3400,   112.0,192102,   437,B, ,D,000023
AGE00147712,                  "ORLEANSVILLE (CHLEF)",  36.1700,    1.3400,   112.0,192103,   371,C, ,D,000023
AGE00147712,                  "ORLEANSVILLE (CHLEF)",  36.1700,    1.3400,   112.0,192104,   664,B, ,D,000023
AGE00147712,                  "ORLEANSVILLE (CHLEF)",  36.1700,    1.3400,   112.0,192105,   554, , ,D,000023
AGE00147712,                  "ORLEANSVILLE (CHLEF)",  36.1700,    1.3400,   112.0,192106,     5,B, ,D,000023
AGE00147712,                  "ORLEANSVILLE (CHLEF)",  36.1700,    1.3400,   112.0,192110,    37,A, ,D,000023
AGE00147712,                  "ORLEANSVILLE (CHLEF)",  36.1700,    1.3400,   112.0,192111,   593,A, ,D,000023
AGE00147712,                  "ORLEANSVILLE (CHLEF)",  36.1700,    1.3400,   112.0,192112,   750,A, ,D,000023
AGE00147712,                  "ORLEANSVILLE (CHLEF)",  36.1700,    1.3400,   112.0,192201,   465, , ,D,000023
AGE00147712,                  "ORLEANSVILLE (CHLEF)",  36.1700,    1.3400,   112.0,192202,   162, , ,D,000023
AGE00147712,                  "ORLEANSVILLE (CHLEF)",  36.1700,    1.3400,   112.0,192203,   190, , ,D,000023
AGE00147712,                  "ORLEANSVILLE (CHLEF)",  36.1700,    1.3400,   112.0,192204,    19,D, ,D,000023
AGE00147712,                  "ORLEANSVILLE (CHLEF)",  36.1700,    1.3400,   112.0,192205,   104, , ,D,000023
AGE00147712,                  "ORLEANSVILLE (CHLEF)",  36.1700,    1.3400,   112.0,192206,   284, , ,D,000023
AGE00147712,                  "ORLEANSVILLE (CHLEF)",  36.1700,    1.3400,   112.0,192210,   376, , ,D,000023
AGE00147712,                  "ORLEANSVILLE (CHLEF)",  36.1700,    1.3400,   112.0,192211,   176, , ,D,000023
AGE00147712,                  "ORLEANSVILLE (CHLEF)",  36.1700,    1.3400,   112.0,192212,   470, , ,D,000023
AGE00147712,                  "ORLEANSVILLE (CHLEF)",  36.1700,    1.3400,   112.0,192301,   870, , ,D,000023
AGE00147712,                  "ORLEANSVILLE (CHLEF)",  36.1700,    1.3400,   112.0,192302,   315, , ,D,000023
AGE00147712,                  "ORLEANSVILLE (CHLEF)",  36.1700,    1.3400,   112.0,192303,   431,B, ,D,000023
AGE00147712,                  "ORLEANSVILLE (CHLEF)",  36.1700,    1.3400,   112.0,192304,   759, , ,D,000023
AGE00147712,                  "ORLEANSVILLE (CHLEF)",  36.1700,    1.3400,   112.0,192305,   581, , ,D,000023
AGE00147712,                  "ORLEANSVILLE (CHLEF)",  36.1700,    1.3400,   112.0,192306,   209,B, ,D,000023
AGE00147712,                  "ORLEANSVILLE (CHLEF)",  36.1700,    1.3400,   112.0,192310,   400, , ,D,000023
AGE00147712,                  "ORLEANSVILLE (CHLEF)",  36.1700,    1.3400,   112.0,192311,   746, , ,D,000023
AGE00147712,                  "ORLEANSVILLE (CHLEF)",  36.1700,    1.3400,   112.0,192312,   410, , ,D,000023
AGE00147712,                  "ORLEANSVILLE (CHLEF)",  36.1700,    1.3400,   112.0,192401,   560, , ,D,000023
AGE00147712,                  "ORLEANSVILLE (CHLEF)",  36.1700,    1.3400,   112.0,192402,   590,A, ,D,000023
AGE00147712,                  "ORLEANSVILLE (CHLEF)",  36.1700,    1.3400,   112.0,192403,   372, , ,D,000023
AGE00147712,                  "ORLEANSVILLE (CHLEF)",  36.1700,    1.3400,   112.0,192404,   134, , ,D,000023
AGE00147712,                  "ORLEANSVILLE (CHLEF)",  36.1700,    1.3400,   112.0,192405,   130,B, ,D,000023
AGE00147712,                  "ORLEANSVILLE (CHLEF)",  36.1700,    1.3400,   112.0,192406,     0,A, ,D,000023
AGE00147712,                  "ORLEANSVILLE (CHLEF)",  36.1700,    1.3400,   112.0,192410,   158, , ,D,000023
AGE00147712,                  "ORLEANSVILLE (CHLEF)",  36.1700,    1.3400,   112.0,192411,   384,A, ,D,000023
AGE00147712,                  "ORLEANSVILLE (CHLEF)",  36.1700,    1.3400,   112.0,192501,    31,E, ,D,000023
AGE00147712,                  "ORLEANSVILLE (CHLEF)",  36.1700,    1.3400,   112.0,192502,   456,C, ,D,000023
AGE00147712,                  "ORLEANSVILLE (CHLEF)",  36.1700,    1.3400,   112.0,192503,   989, , ,D,000023
AGE00147712,                  "ORLEANSVILLE (CHLEF)",  36.1700,    1.3400,   112.0,192504,   307, , ,D,000023
AGE00147712,                  "ORLEANSVILLE (CHLEF)",  36.1700,    1.3400,   112.0,192505,    84,A, ,D,000023
AGE00147712,                  "ORLEANSVILLE (CHLEF)",  36.1700,    1.3400,   112.0,192507,    10, , ,D,000023
AGE00147712,                  "ORLEANSVILLE (CHLEF)",  36.1700,    1.3400,   112.0,192508,    40,C, ,D,000023
AGE00147712,                  "ORLEANSVILLE (CHLEF)",  36.1700,    1.3400,   112.0,192509,   457,D, ,D,000023
AGE00147712,                  "ORLEANSVILLE (CHLEF)",  36.1700,    1.3400,   112.0,192510,   544,D, ,D,000023
AGE00147712,                  "ORLEANSVILLE (CHLEF)",  36.1700,    1.3400,   112.0,192511,   513,B, ,D,000023
AGE00147712,                  "ORLEANSVILLE (CHLEF)",  36.1700,    1.3400,   112.0,192601,   108,B, ,D,000023
AGE00147712,                  "ORLEANSVILLE (CHLEF)",  36.1700,    1.3400,   112.0,192602,   130,B, ,D,000023
AGE00147712,                  "ORLEANSVILLE (CHLEF)",  36.1700,    1.3400,   112.0,192603,    65, , ,D,000023
AGE00147712,                  "ORLEANSVILLE (CHLEF)",  36.1700,    1.3400,   112.0,192604,   394, , ,D,000023
AGE00147712,                  "ORLEANSVILLE (CHLEF)",  36.1700,    1.3400,   112.0,192605,   245, , ,D,000023
AGE00147712,                  "ORLEANSVILLE (CHLEF)",  36.1700,    1.3400,   112.0,192607,     7,A, ,D,000023
AGE00147712,                  "ORLEANSVILLE (CHLEF)",  36.1700,    1.3400,   112.0,192610,   100,A, ,D,000023
AGE00147712,                  "ORLEANSVILLE (CHLEF)",  36.1700,    1.3400,   112.0,192611,   551, , ,D,000023
AGE00147712,                  "ORLEANSVILLE (CHLEF)",  36.1700,    1.3400,   112.0,192701,   681,D, ,D,000023
AGE00147712,                  "ORLEANSVILLE (CHLEF)",  36.1700,    1.3400,   112.0,192702,   423, , ,D,000023
AGE00147712,                  "ORLEANSVILLE (CHLEF)",  36.1700,    1.3400,   112.0,192703,   188,B, ,D,000023
AGE00147712,                  "ORLEANSVILLE (CHLEF)",  36.1700,    1.3400,   112.0,192704,     0, , ,D,000023
AGE00147712,                  "ORLEANSVILLE (CHLEF)",  36.1700,    1.3400,   112.0,192705,   179, , ,D,000023
AGE00147712,                  "ORLEANSVILLE (CHLEF)",  36.1700,    1.3400,   112.0,192710,   354,A, ,D,000023
AGE00147712,                  "ORLEANSVILLE (CHLEF)",  36.1700,    1.3400,   112.0,192711,  2103,D, ,D,000023
AGE00147712,                  "ORLEANSVILLE (CHLEF)",  36.1700,    1.3400,   112.0,192712,   930,A, ,D,000023
AGE00147712,                  "ORLEANSVILLE (CHLEF)",  36.1700,    1.3400,   112.0,192801,   712,A, ,D,000023
AGE00147712,                  "ORLEANSVILLE (CHLEF)",  36.1700,    1.3400,   112.0,192802,   444, , ,D,000023
AGE00147712,                  "ORLEANSVILLE (CHLEF)",  36.1700,    1.3400,   112.0,192803,   390, , ,D,000023
AGE00147712,                  "ORLEANSVILLE (CHLEF)",  36.1700,    1.3400,   112.0,192804,   118, , ,D,000023
AGE00147712,                  "ORLEANSVILLE (CHLEF)",  36.1700,    1.3400,   112.0,192805,   506,A, ,D,000023
AGE00147712,                  "ORLEANSVILLE (CHLEF)",  36.1700,    1.3400,   112.0,192810,   985, , ,D,000023
AGE00147712,                  "ORLEANSVILLE (CHLEF)",  36.1700,    1.3400,   112.0,192812,   575,C, ,D,000023
AGE00147712,                  "ORLEANSVILLE (CHLEF)",  36.1700,    1.3400,   112.0,192901,   571,D, ,D,000023
AGE00147712,                  "ORLEANSVILLE (CHLEF)",  36.1700,    1.3400,   112.0,192902,   583, , ,D,000023
AGE00147712,                  "ORLEANSVILLE (CHLEF)",  36.1700,    1.3400,   112.0,192904,    80,D, ,D,000023
AGE00147712,                  "ORLEANSVILLE (CHLEF)",  36.1700,    1.3400,   112.0,192905,   555, , ,D,000023
AGE00147712,                  "ORLEANSVILLE (CHLEF)",  36.1700,    1.3400,   112.0,192907,     0, , ,D,000023
AGE00147712,                  "ORLEANSVILLE (CHLEF)",  36.1700,    1.3400,   112.0,192908,     0,B, ,D,000023
AGE00147712,                  "ORLEANSVILLE (CHLEF)",  36.1700,    1.3400,   112.0,192909,   250, , ,D,000023
AGE00147712,                  "ORLEANSVILLE (CHLEF)",  36.1700,    1.3400,   112.0,192910,   215, , ,D,000023
AGE00147712,                  "ORLEANSVILLE (CHLEF)",  36.1700,    1.3400,   112.0,192911,   710,B, ,D,000023
AGE00147712,                  "ORLEANSVILLE (CHLEF)",  36.1700,    1.3400,   112.0,192912,   390,A, ,D,000023
AGE00147712,                  "ORLEANSVILLE (CHLEF)",  36.1700,    1.3400,   112.0,193001,   734,A, ,D,000023
AGE00147712,                  "ORLEANSVILLE (CHLEF)",  36.1700,    1.3400,   112.0,193002,   884, , ,D,000023
AGE00147712,                  "ORLEANSVILLE (CHLEF)",  36.1700,    1.3400,   112.0,193003,   187,A, ,D,000023
AGE00147712,                  "ORLEANSVILLE (CHLEF)",  36.1700,    1.3400,   112.0,193004,   625, , ,D,000023
AGE00147712,                  "ORLEANSVILLE (CHLEF)",  36.1700,    1.3400,   112.0,193005,   562, , ,D,000023
AGE00147712,                  "ORLEANSVILLE (CHLEF)",  36.1700,    1.3400,   112.0,193006,     5,D, ,D,000023
AGE00147712,                  "ORLEANSVILLE (CHLEF)",  36.1700,    1.3400,   112.0,193008,     0,E, ,D,000023
AGE00147712,                  "ORLEANSVILLE (CHLEF)",  36.1700,    1.3400,   112.0,193009,   101, , ,D,000023
AGE00147712,                  "ORLEANSVILLE (CHLEF)",  36.1700,    1.3400,   112.0,193010,    20,A, ,D,000023
AGE00147712,                  "ORLEANSVILLE (CHLEF)",  36.1700,    1.3400,   112.0,193011,     4,E, ,D,000023
AGE00147712,                  "ORLEANSVILLE (CHLEF)",  36.1700,    1.3400,   112.0,193012,   886,C, ,D,000023
AGE00147712,                  "ORLEANSVILLE (CHLEF)",  36.1700,    1.3400,   112.0,193101,  1069, , ,D,000023
AGE00147712,                  "ORLEANSVILLE (CHLEF)",  36.1700,    1.3400,   112.0,193102,   880, , ,D,000023
AGE00147712,                  "ORLEANSVILLE (CHLEF)",  36.1700,    1.3400,   112.0,193103,   311,A, ,D,000023
AGE00147712,                  "ORLEANSVILLE (CHLEF)",  36.1700,    1.3400,   112.0,193104,   112, , ,D,000023
AGE00147712,                  "ORLEANSVILLE (CHLEF)",  36.1700,    1.3400,   112.0,193105,    65, , ,D,000023
AGE00147712,                  "ORLEANSVILLE (CHLEF)",  36.1700,    1.3400,   112.0,193106,    34, , ,D,000023
AGE00147712,                  "ORLEANSVILLE (CHLEF)",  36.1700,    1.3400,   112.0,193110,   143,B, ,D,000023
AGE00147712,                  "ORLEANSVILLE (CHLEF)",  36.1700,    1.3400,   112.0,193111,   247, , ,D,000023
AGE00147712,                  "ORLEANSVILLE (CHLEF)",  36.1700,    1.3400,   112.0,193112,   781,B, ,D,000023
AGE00147712,                  "ORLEANSVILLE (CHLEF)",  36.1700,    1.3400,   112.0,193201,   150,B, ,D,000023
AGE00147712,                  "ORLEANSVILLE (CHLEF)",  36.1700,    1.3400,   112.0,193202,   902, , ,D,000023
AGE00147712,                  "ORLEANSVILLE (CHLEF)",  36.1700,    1.3400,   112.0,193203,   263,C, ,D,000023
AGE00147712,                  "ORLEANSVILLE (CHLEF)",  36.1700,    1.3400,   112.0,193204,   519,A, ,D,000023
AGE00147712,                  "ORLEANSVILLE (CHLEF)",  36.1700,    1.3400,   112.0,193205,    85, , ,D,000023
AGE00147712,                  "ORLEANSVILLE (CHLEF)",  36.1700,    1.3400,   112.0,193206,    33,E, ,D,000023
AGE00147712,                  "ORLEANSVILLE (CHLEF)",  36.1700,    1.3400,   112.0,193211,   391,C, ,D,000023
AGE00147712,                  "ORLEANSVILLE (CHLEF)",  36.1700,    1.3400,   112.0,193302,   232,C, ,D,000023
AGE00147712,                  "ORLEANSVILLE (CHLEF)",  36.1700,    1.3400,   112.0,193303,   361,E, ,D,000023
AGE00147712,                  "ORLEANSVILLE (CHLEF)",  36.1700,    1.3400,   112.0,193304,   168,C, ,D,000023
AGE00147712,                  "ORLEANSVILLE (CHLEF)",  36.1700,    1.3400,   112.0,193305,     0,B, ,D,000023
AGE00147712,                  "ORLEANSVILLE (CHLEF)",  36.1700,    1.3400,   112.0,193307,    52,B, ,D,000023
AGE00147712,                  "ORLEANSVILLE (CHLEF)",  36.1700,    1.3400,   112.0,193308,     0,C, ,D,000023
AGE00147712,                  "ORLEANSVILLE (CHLEF)",  36.1700,    1.3400,   112.0,193309,   310,E, ,D,000023
AGE00147712,                  "ORLEANSVILLE (CHLEF)",  36.1700,    1.3400,   112.0,193310,    20,E, ,D,000023
AGE00147712,                  "ORLEANSVILLE (CHLEF)",  36.1700,    1.3400,   112.0,193311,   894,A, ,D,000023
AGE00147712,                  "ORLEANSVILLE (CHLEF)",  36.1700,    1.3400,   112.0,193403,  1043,A, ,D,000023
AGE00147712,                  "ORLEANSVILLE (CHLEF)",  36.1700,    1.3400,   112.0,193404,   195,B, ,D,000023
AGE00147712,                  "ORLEANSVILLE (CHLEF)",  36.1700,    1.3400,   112.0,193405,   933,D, ,D,000023
AGE00147712,                  "ORLEANSVILLE (CHLEF)",  36.1700,    1.3400,   112.0,193407,     0,D, ,D,000023
AGE00147712,                  "ORLEANSVILLE (CHLEF)",  36.1700,    1.3400,   112.0,193408,    50,C, ,D,000023
AGE00147712,                  "ORLEANSVILLE (CHLEF)",  36.1700,    1.3400,   112.0,193410,   407,B, ,D,000023
AGE00147712,                  "ORLEANSVILLE (CHLEF)",  36.1700,    1.3400,   112.0,193501,   352,D, ,D,000023
AGE00147712,                  "ORLEANSVILLE (CHLEF)",  36.1700,    1.3400,   112.0,193502,   194,D, ,D,000023
AGE00147712,                  "ORLEANSVILLE (CHLEF)",  36.1700,    1.3400,   112.0,193503,   378,B, ,D,000023
AGE00147712,                  "ORLEANSVILLE (CHLEF)",  36.1700,    1.3400,   112.0,193504,   136,E, ,D,000023
AGE00147712,                  "ORLEANSVILLE (CHLEF)",  36.1700,    1.3400,   112.0,193507,     0,B, ,D,000023
AGE00147712,                  "ORLEANSVILLE (CHLEF)",  36.1700,    1.3400,   112.0,193508,     0, , ,D,000023
AGE00147712,                  "ORLEANSVILLE (CHLEF)",  36.1700,    1.3400,   112.0,193509,    10,B, ,D,000023
AGE00147712,                  "ORLEANSVILLE (CHLEF)",  36.1700,    1.3400,   112.0,193510,   709,B, ,D,000023
AGE00147712,                  "ORLEANSVILLE (CHLEF)",  36.1700,    1.3400,   112.0,193511,   223,A, ,D,000023
AGE00147712,                  "ORLEANSVILLE (CHLEF)",  36.1700,    1.3400,   112.0,193512,   261,B, ,D,000023
AGE00147712,                  "ORLEANSVILLE (CHLEF)",  36.1700,    1.3400,   112.0,193601,   512,A, ,D,000023
AGE00147712,                  "ORLEANSVILLE (CHLEF)",  36.1700,    1.3400,   112.0,193602,  1247,D, ,D,000023
AGE00147712,                  "ORLEANSVILLE (CHLEF)",  36.1700,    1.3400,   112.0,193606,   177,E, ,D,000023
AGE00147712,                  "ORLEANSVILLE (CHLEF)",  36.1700,    1.3400,   112.0,193705,   320,A, ,D,000023
AGE00147712,                  "ORLEANSVILLE (CHLEF)",  36.1700,    1.3400,   112.0,193706,     0,E, ,D,000023
AGE00147712,                  "ORLEANSVILLE (CHLEF)",  36.1700,    1.3400,   112.0,193707,     0,B, ,D,000023
AGE00147712,                  "ORLEANSVILLE (CHLEF)",  36.1700,    1.3400,   112.0,193708,     0,A, ,D,000023
AGE00147712,                  "ORLEANSVILLE (CHLEF)",  36.1700,    1.3400,   112.0,193709,     0,C, ,D,000023
AGE00147712,                  "ORLEANSVILLE (CHLEF)",  36.1700,    1.3400,   112.0,193710,   345,C, ,D,000023
AGE00147712,                  "ORLEANSVILLE (CHLEF)",  36.1700,    1.3400,   112.0,193711,   228,D, ,D,000023
AGE00147712,                  "ORLEANSVILLE (CHLEF)",  36.1700,    1.3400,   112.0,193712,  2108,E, ,D,000023
AGE00147712,                  "ORLEANSVILLE (CHLEF)",  36.1700,    1.3400,   112.0,193801,   411,B, ,D,000023
AGE00147712,                  "ORLEANSVILLE (CHLEF)",  36.1700,    1.3400,   112.0,193802,   210,C, ,D,000023
AGE00147712,                  "ORLEANSVILLE (CHLEF)",  36.1700,    1.3400,   112.0,193803,    92,A, ,D,000023
AGE00147712,                  "ORLEANSVILLE (CHLEF)",  36.1700,    1.3400,   112.0,193804,    65,B, ,D,000023
AGE00147712,                  "ORLEANSVILLE (CHLEF)",  36.1700,    1.3400,   112.0,193805,   349,C, ,D,000023
AGE00147712,                  "ORLEANSVILLE (CHLEF)",  36.1700,    1.3400,   112.0,193807,     0,A, ,D,000023
AGE00147712,                  "ORLEANSVILLE (CHLEF)",  36.1700,    1.3400,   112.0,193808,    10, , ,D,000023
AGE00147712,                  "ORLEANSVILLE (CHLEF)",  36.1700,    1.3400,   112.0,193809,    30,A, ,D,000023
AGE00147712,                  "ORLEANSVILLE (CHLEF)",  36.1700,    1.3400,   112.0,193810,   290,D, ,D,000023
