AJXLP325250,                     "ZYUD-OSTOV-KULTUK",  39.3500,   49.2700,   -23.0,191111,   457, , ,R,099090
AJXLP325250,                     "ZYUD-OSTOV-KULTUK",  39.3500,   49.2700,   -23.0,191112,  1008, , ,R,099090
AJXLP325250,                     "ZYUD-OSTOV-KULTUK",  39.3500,   49.2700,   -23.0,191201,   113, , ,R,099090
AJXLP325250,                     "ZYUD-OSTOV-KULTUK",  39.3500,   49.2700,   -23.0,191202,   405, , ,R,099090
AJXLP325250,                     "ZYUD-OSTOV-KULTUK",  39.3500,   49.2700,   -23.0,191203,   143, , ,R,099090
AJXLP325250,                     "ZYUD-OSTOV-KULTUK",  39.3500,   49.2700,   -23.0,191204,   335, , ,R,099090
AJXLP325250,                     "ZYUD-OSTOV-KULTUK",  39.3500,   49.2700,   -23.0,191205,   250, , ,R,099090
AJXLP325250,                     "ZYUD-OSTOV-KULTUK",  39.3500,   49.2700,   -23.0,191206,    10, , ,R,099090
AJXLP325250,                     "ZYUD-OSTOV-KULTUK",  39.3500,   49.2700,   -23.0,191207,     0, , ,R,099090
AJXLP325250,                     "ZYUD-OSTOV-KULTUK",  39.3500,   49.2700,   -23.0,191208,   104, , ,R,099090
AJXLP325250,                     "ZYUD-OSTOV-KULTUK",  39.3500,   49.2700,   -23.0,191209,     0, , ,R,099090
AJXLP325250,                     "ZYUD-OSTOV-KULTUK",  39.3500,   49.2700,   -23.0,191210,    63, , ,R,099090
AJXLP325250,                     "ZYUD-OSTOV-KULTUK",  39.3500,   49.2700,   -23.0,191211,   252, , ,R,099090
AJXLP325250,                     "ZYUD-OSTOV-KULTUK",  39.3500,   49.2700,   -23.0,191212,   353, , ,R,099090
AJXLP325250,                     "ZYUD-OSTOV-KULTUK",  39.3500,   49.2700,   -23.0,191301,   830, , ,R,099090
AJXLP325250,                     "ZYUD-OSTOV-KULTUK",  39.3500,   49.2700,   -23.0,191302,   167, , ,R,099090
AJXLP325250,                     "ZYUD-OSTOV-KULTUK",  39.3500,   49.2700,   -23.0,191303,   143, , ,R,099090
AJXLP325250,                     "ZYUD-OSTOV-KULTUK",  39.3500,   49.2700,   -23.0,191304,   188, , ,R,099090
AJXLP325250,                     "ZYUD-OSTOV-KULTUK",  39.3500,   49.2700,   -23.0,191305,    31, , ,R,099090
AJXLP325250,                     "ZYUD-OSTOV-KULTUK",  39.3500,   49.2700,   -23.0,191306,    41, , ,R,099090
AJXLP325250,                     "ZYUD-OSTOV-KULTUK",  39.3500,   49.2700,   -23.0,191307,     0, , ,R,099090
AJXLP325250,                     "ZYUD-OSTOV-KULTUK",  39.3500,   49.2700,   -23.0,191308,     0, , ,R,099090
AJXLP325250,                     "ZYUD-OSTOV-KULTUK",  39.3500,   49.2700,   -23.0,191309,   156, , ,R,099090
AJXLP325250,                     "ZYUD-OSTOV-KULTUK",  39.3500,   49.2700,   -23.0,191310,   637, , ,R,099090
AJXLP325250,                     "ZYUD-OSTOV-KULTUK",  39.3500,   49.2700,   -23.0,191311,   418, , ,R,099090
AJXLP325250,                     "ZYUD-OSTOV-KULTUK",  39.3500,   49.2700,   -23.0,191312,   219, , ,R,099090
AJXLP325250,                     "ZYUD-OSTOV-KULTUK",  39.3500,   49.2700,   -23.0,191401,   530, , ,R,099090
AJXLP325250,                     "ZYUD-OSTOV-KULTUK",  39.3500,   49.2700,   -23.0,191402,    53, , ,R,099090
AJXLP325250,                     "ZYUD-OSTOV-KULTUK",  39.3500,   49.2700,   -23.0,191403,   134, , ,R,099090
AJXLP325250,                     "ZYUD-OSTOV-KULTUK",  39.3500,   49.2700,   -23.0,191404,   114, , ,R,099090
AJXLP325250,                     "ZYUD-OSTOV-KULTUK",  39.3500,   49.2700,   -23.0,191405,   156, , ,R,099090
AJXLP325250,                     "ZYUD-OSTOV-KULTUK",  39.3500,   49.2700,   -23.0,191406,    41, , ,R,099090
AJXLP325250,                     "ZYUD-OSTOV-KULTUK",  39.3500,   49.2700,   -23.0,191407,     0, , ,R,099090
AJXLP325250,                     "ZYUD-OSTOV-KULTUK",  39.3500,   49.2700,   -23.0,191408,   113, , ,R,099090
AJXLP325250,                     "ZYUD-OSTOV-KULTUK",  39.3500,   49.2700,   -23.0,191409,    83, , ,R,099090
AJXLP325250,                     "ZYUD-OSTOV-KULTUK",  39.3500,   49.2700,   -23.0,191410,  1194, , ,R,099090
AJXLP325250,                     "ZYUD-OSTOV-KULTUK",  39.3500,   49.2700,   -23.0,191411,   435, , ,R,099090
AJXLP325250,                     "ZYUD-OSTOV-KULTUK",  39.3500,   49.2700,   -23.0,191412,   353, , ,R,099090
AJXLP325250,                     "ZYUD-OSTOV-KULTUK",  39.3500,   49.2700,   -23.0,191501,   134, , ,R,099090
AJXLP325250,                     "ZYUD-OSTOV-KULTUK",  39.3500,   49.2700,   -23.0,191502,   167, , ,R,099090
AJXLP325250,                     "ZYUD-OSTOV-KULTUK",  39.3500,   49.2700,   -23.0,191503,   267, , ,R,099090
AJXLP325250,                     "ZYUD-OSTOV-KULTUK",  39.3500,   49.2700,   -23.0,191504,   491, , ,R,099090
AJXLP325250,                     "ZYUD-OSTOV-KULTUK",  39.3500,   49.2700,   -23.0,191505,    83, , ,R,099090
AJXLP325250,                     "ZYUD-OSTOV-KULTUK",  39.3500,   49.2700,   -23.0,191506,   112, , ,R,099090
AJXLP325250,                     "ZYUD-OSTOV-KULTUK",  39.3500,   49.2700,   -23.0,191507,   333, , ,R,099090
AJXLP325250,                     "ZYUD-OSTOV-KULTUK",  39.3500,   49.2700,   -23.0,191508,     0, , ,R,099090
AJXLP325250,                     "ZYUD-OSTOV-KULTUK",  39.3500,   49.2700,   -23.0,191509,   126, , ,R,099090
AJXLP325250,                     "ZYUD-OSTOV-KULTUK",  39.3500,   49.2700,   -23.0,191510,    73, , ,R,099090
AJXLP325250,                     "ZYUD-OSTOV-KULTUK",  39.3500,   49.2700,   -23.0,191511,    94, , ,R,099090
AJXLP325250,                     "ZYUD-OSTOV-KULTUK",  39.3500,   49.2700,   -23.0,191512,   113, , ,R,099090
AJXLP325250,                     "ZYUD-OSTOV-KULTUK",  39.3500,   49.2700,   -23.0,191601,   251, , ,R,099090
AJXLP325250,                     "ZYUD-OSTOV-KULTUK",  39.3500,   49.2700,   -23.0,191602,    72, , ,R,099090
AJXLP325250,                     "ZYUD-OSTOV-KULTUK",  39.3500,   49.2700,   -23.0,191603,    72, , ,R,099090
AJXLP325250,                     "ZYUD-OSTOV-KULTUK",  39.3500,   49.2700,   -23.0,191604,   365, , ,R,099090
AJXLP325250,                     "ZYUD-OSTOV-KULTUK",  39.3500,   49.2700,   -23.0,191605,    83, , ,R,099090
AJXLP325250,                     "ZYUD-OSTOV-KULTUK",  39.3500,   49.2700,   -23.0,191606,   112, , ,R,099090
AJXLP325250,                     "ZYUD-OSTOV-KULTUK",  39.3500,   49.2700,   -23.0,191607,    73, , ,R,099090
AJXLP325250,                     "ZYUD-OSTOV-KULTUK",  39.3500,   49.2700,   -23.0,191608,    10, , ,R,099090
AJXLP325250,                     "ZYUD-OSTOV-KULTUK",  39.3500,   49.2700,   -23.0,191609,   270, , ,R,099090
AJXLP325250,                     "ZYUD-OSTOV-KULTUK",  39.3500,   49.2700,   -23.0,191610,    21, , ,R,099090
AJXLP325250,                     "ZYUD-OSTOV-KULTUK",  39.3500,   49.2700,   -23.0,191611,   230, , ,R,099090
AJXLP325250,                     "ZYUD-OSTOV-KULTUK",  39.3500,   49.2700,   -23.0,191612,   499, , ,R,099090
AJXLP325250,                     "ZYUD-OSTOV-KULTUK",  39.3500,   49.2700,   -23.0,191701,    41, , ,R,099090
AJXLP325250,                     "ZYUD-OSTOV-KULTUK",  39.3500,   49.2700,   -23.0,191702,    62, , ,R,099090
AJXLP325250,                     "ZYUD-OSTOV-KULTUK",  39.3500,   49.2700,   -23.0,191703,   143, , ,R,099090
AJXLP325250,                     "ZYUD-OSTOV-KULTUK",  39.3500,   49.2700,   -23.0,191704,     0, , ,R,099090
AJXLP325250,                     "ZYUD-OSTOV-KULTUK",  39.3500,   49.2700,   -23.0,191705,    31, , ,R,099090
AJXLP325250,                     "ZYUD-OSTOV-KULTUK",  39.3500,   49.2700,   -23.0,191706,    10, , ,R,099090
AJXLP325250,                     "ZYUD-OSTOV-KULTUK",  39.3500,   49.2700,   -23.0,191707,     0, , ,R,099090
AJXLP325250,                     "ZYUD-OSTOV-KULTUK",  39.3500,   49.2700,   -23.0,191708,   166, , ,R,099090
AJXLP325250,                     "ZYUD-OSTOV-KULTUK",  39.3500,   49.2700,   -23.0,191709,     0, , ,R,099090
AJXLP325250,                     "ZYUD-OSTOV-KULTUK",  39.3500,   49.2700,   -23.0,191710,   298, , ,R,099090
AJXLP325250,                     "ZYUD-OSTOV-KULTUK",  39.3500,   49.2700,   -23.0,192201,   571, , ,R,099090
AJXLP325250,                     "ZYUD-OSTOV-KULTUK",  39.3500,   49.2700,   -23.0,192202,   270, , ,R,099090
AJXLP325250,                     "ZYUD-OSTOV-KULTUK",  39.3500,   49.2700,   -23.0,192203,    72, , ,R,099090
AJXLP325250,                     "ZYUD-OSTOV-KULTUK",  39.3500,   49.2700,   -23.0,192204,   553, , ,R,099090
AJXLP325250,                     "ZYUD-OSTOV-KULTUK",  39.3500,   49.2700,   -23.0,192205,     0, , ,R,099090
AJXLP325250,                     "ZYUD-OSTOV-KULTUK",  39.3500,   49.2700,   -23.0,192207,    21, , ,R,099090
AJXLP325250,                     "ZYUD-OSTOV-KULTUK",  39.3500,   49.2700,   -23.0,192208,     0, , ,R,099090
AJXLP325250,                     "ZYUD-OSTOV-KULTUK",  39.3500,   49.2700,   -23.0,192209,   219, , ,R,099090
AJXLP325250,                     "ZYUD-OSTOV-KULTUK",  39.3500,   49.2700,   -23.0,192210,   175, , ,R,099090
AJXLP325250,                     "ZYUD-OSTOV-KULTUK",  39.3500,   49.2700,   -23.0,192211,   490, , ,R,099090
AJXLP325250,                     "ZYUD-OSTOV-KULTUK",  39.3500,   49.2700,   -23.0,192212,   446, , ,R,099090
AJXLP325250,                     "ZYUD-OSTOV-KULTUK",  39.3500,   49.2700,   -23.0,192301,   157, , ,R,099090
AJXLP325250,                     "ZYUD-OSTOV-KULTUK",  39.3500,   49.2700,   -23.0,192302,   155, , ,R,099090
AJXLP325250,                     "ZYUD-OSTOV-KULTUK",  39.3500,   49.2700,   -23.0,192303,   143, , ,R,099090
AJXLP325250,                     "ZYUD-OSTOV-KULTUK",  39.3500,   49.2700,   -23.0,192304,   471, , ,R,099090
AJXLP325250,                     "ZYUD-OSTOV-KULTUK",  39.3500,   49.2700,   -23.0,192305,     0, , ,R,099090
AJXLP325250,                     "ZYUD-OSTOV-KULTUK",  39.3500,   49.2700,   -23.0,192306,   204, , ,R,099090
AJXLP325250,                     "ZYUD-OSTOV-KULTUK",  39.3500,   49.2700,   -23.0,192307,   125, , ,R,099090
AJXLP325250,                     "ZYUD-OSTOV-KULTUK",  39.3500,   49.2700,   -23.0,192308,   374, , ,R,099090
AJXLP325250,                     "ZYUD-OSTOV-KULTUK",  39.3500,   49.2700,   -23.0,192309,    52, , ,R,099090
AJXLP325250,                     "ZYUD-OSTOV-KULTUK",  39.3500,   49.2700,   -23.0,192310,   483, , ,R,099090
AJXLP325250,                     "ZYUD-OSTOV-KULTUK",  39.3500,   49.2700,   -23.0,192311,   124, , ,R,099090
AJXLP325250,                     "ZYUD-OSTOV-KULTUK",  39.3500,   49.2700,   -23.0,192312,    93, , ,R,099090
AJXLP325250,                     "ZYUD-OSTOV-KULTUK",  39.3500,   49.2700,   -23.0,192401,   396, , ,R,099090
AJXLP325250,                     "ZYUD-OSTOV-KULTUK",  39.3500,   49.2700,   -23.0,192402,   342, , ,R,099090
AJXLP325250,                     "ZYUD-OSTOV-KULTUK",  39.3500,   49.2700,   -23.0,192403,   153, , ,R,099090
AJXLP325250,                     "ZYUD-OSTOV-KULTUK",  39.3500,   49.2700,   -23.0,192404,   232, , ,R,099090
AJXLP325250,                     "ZYUD-OSTOV-KULTUK",  39.3500,   49.2700,   -23.0,192405,   114, , ,R,099090
AJXLP325250,                     "ZYUD-OSTOV-KULTUK",  39.3500,   49.2700,   -23.0,192406,    20, , ,R,099090
AJXLP325250,                     "ZYUD-OSTOV-KULTUK",  39.3500,   49.2700,   -23.0,192407,    62, , ,R,099090
AJXLP325250,                     "ZYUD-OSTOV-KULTUK",  39.3500,   49.2700,   -23.0,192408,     0, , ,R,099090
AJXLP325250,                     "ZYUD-OSTOV-KULTUK",  39.3500,   49.2700,   -23.0,192409,    32, , ,R,099090
AJXLP325250,                     "ZYUD-OSTOV-KULTUK",  39.3500,   49.2700,   -23.0,192410,  1316, , ,R,099090
AJXLP325250,                     "ZYUD-OSTOV-KULTUK",  39.3500,   49.2700,   -23.0,192411,   418, , ,R,099090
AJXLP325250,                     "ZYUD-OSTOV-KULTUK",  39.3500,   49.2700,   -23.0,192412,   147, , ,R,099090
AJXLP325250,                     "ZYUD-OSTOV-KULTUK",  39.3500,   49.2700,   -23.0,192501,    32, , ,R,099090
AJXLP325250,                     "ZYUD-OSTOV-KULTUK",  39.3500,   49.2700,   -23.0,192502,     9, , ,R,099090
AJXLP325250,                     "ZYUD-OSTOV-KULTUK",  39.3500,   49.2700,   -23.0,192503,   124, , ,R,099090
AJXLP325250,                     "ZYUD-OSTOV-KULTUK",  39.3500,   49.2700,   -23.0,192504,    62, , ,R,099090
AJXLP325250,                     "ZYUD-OSTOV-KULTUK",  39.3500,   49.2700,   -23.0,192505,    94, , ,R,099090
AJXLP325250,                     "ZYUD-OSTOV-KULTUK",  39.3500,   49.2700,   -23.0,192506,     0, , ,R,099090
AJXLP325250,                     "ZYUD-OSTOV-KULTUK",  39.3500,   49.2700,   -23.0,192507,    62, , ,R,099090
AJXLP325250,                     "ZYUD-OSTOV-KULTUK",  39.3500,   49.2700,   -23.0,192508,    10, , ,R,099090
AJXLP325250,                     "ZYUD-OSTOV-KULTUK",  39.3500,   49.2700,   -23.0,192509,     0, , ,R,099090
AJXLP325250,                     "ZYUD-OSTOV-KULTUK",  39.3500,   49.2700,   -23.0,192510,   318, , ,R,099090
AJXLP325250,                     "ZYUD-OSTOV-KULTUK",  39.3500,   49.2700,   -23.0,192511,   260, , ,R,099090
AJXLP325250,                     "ZYUD-OSTOV-KULTUK",  39.3500,   49.2700,   -23.0,192512,   103, , ,R,099090
AJXLP325250,                     "ZYUD-OSTOV-KULTUK",  39.3500,   49.2700,   -23.0,192601,   230, , ,R,099090
AJXLP325250,                     "ZYUD-OSTOV-KULTUK",  39.3500,   49.2700,   -23.0,192602,   373, , ,R,099090
AJXLP325250,                     "ZYUD-OSTOV-KULTUK",  39.3500,   49.2700,   -23.0,192603,   237, , ,R,099090
AJXLP325250,                     "ZYUD-OSTOV-KULTUK",  39.3500,   49.2700,   -23.0,192604,   283, , ,R,099090
AJXLP325250,                     "ZYUD-OSTOV-KULTUK",  39.3500,   49.2700,   -23.0,192605,   218, , ,R,099090
AJXLP325250,                     "ZYUD-OSTOV-KULTUK",  39.3500,   49.2700,   -23.0,192606,   173, , ,R,099090
AJXLP325250,                     "ZYUD-OSTOV-KULTUK",  39.3500,   49.2700,   -23.0,192607,     0, , ,R,099090
AJXLP325250,                     "ZYUD-OSTOV-KULTUK",  39.3500,   49.2700,   -23.0,192608,     0, , ,R,099090
AJXLP325250,                     "ZYUD-OSTOV-KULTUK",  39.3500,   49.2700,   -23.0,192609,   134, , ,R,099090
AJXLP325250,                     "ZYUD-OSTOV-KULTUK",  39.3500,   49.2700,   -23.0,192610,   228, , ,R,099090
AJXLP325250,                     "ZYUD-OSTOV-KULTUK",  39.3500,   49.2700,   -23.0,192611,   197, , ,R,099090
AJXLP325250,                     "ZYUD-OSTOV-KULTUK",  39.3500,   49.2700,   -23.0,192612,   499, , ,R,099090
AJXLP325250,                     "ZYUD-OSTOV-KULTUK",  39.3500,   49.2700,   -23.0,192701,   178, , ,R,099090
AJXLP325250,                     "ZYUD-OSTOV-KULTUK",  39.3500,   49.2700,   -23.0,192702,   385, , ,R,099090
AJXLP325250,                     "ZYUD-OSTOV-KULTUK",  39.3500,   49.2700,   -23.0,192703,   217, , ,R,099090
AJXLP325250,                     "ZYUD-OSTOV-KULTUK",  39.3500,   49.2700,   -23.0,192704,   534, , ,R,099090
AJXLP325250,                     "ZYUD-OSTOV-KULTUK",  39.3500,   49.2700,   -23.0,192705,    31, , ,R,099090
AJXLP325250,                     "ZYUD-OSTOV-KULTUK",  39.3500,   49.2700,   -23.0,192706,    20, , ,R,099090
AJXLP325250,                     "ZYUD-OSTOV-KULTUK",  39.3500,   49.2700,   -23.0,192707,    10, , ,R,099090
AJXLP325250,                     "ZYUD-OSTOV-KULTUK",  39.3500,   49.2700,   -23.0,192708,     0, , ,R,099090
AJXLP325250,                     "ZYUD-OSTOV-KULTUK",  39.3500,   49.2700,   -23.0,192709,   115, , ,R,099090
AJXLP325250,                     "ZYUD-OSTOV-KULTUK",  39.3500,   49.2700,   -23.0,192710,   228, , ,R,099090
AJXLP325250,                     "ZYUD-OSTOV-KULTUK",  39.3500,   49.2700,   -23.0,192711,  1062, , ,R,099090
AJXLP325250,                     "ZYUD-OSTOV-KULTUK",  39.3500,   49.2700,   -23.0,192712,   136, , ,R,099090
AJXLP325250,                     "ZYUD-OSTOV-KULTUK",  39.3500,   49.2700,   -23.0,192801,   312, , ,R,099090
AJXLP325250,                     "ZYUD-OSTOV-KULTUK",  39.3500,   49.2700,   -23.0,192802,   280, , ,R,099090
AJXLP325250,                     "ZYUD-OSTOV-KULTUK",  39.3500,   49.2700,   -23.0,192803,   319, , ,R,099090
AJXLP325250,                     "ZYUD-OSTOV-KULTUK",  39.3500,   49.2700,   -23.0,192804,   220, , ,R,099090
AJXLP325250,                     "ZYUD-OSTOV-KULTUK",  39.3500,   49.2700,   -23.0,192805,     9, , ,R,099090
AJXLP325250,                     "ZYUD-OSTOV-KULTUK",  39.3500,   49.2700,   -23.0,192806,    20, , ,R,099090
AJXLP325250,                     "ZYUD-OSTOV-KULTUK",  39.3500,   49.2700,   -23.0,192807,    10, , ,R,099090
AJXLP325250,                     "ZYUD-OSTOV-KULTUK",  39.3500,   49.2700,   -23.0,192808,   176, , ,R,099090
AJXLP325250,                     "ZYUD-OSTOV-KULTUK",  39.3500,   49.2700,   -23.0,192809,    22, , ,R,099090
AJXLP325250,                     "ZYUD-OSTOV-KULTUK",  39.3500,   49.2700,   -23.0,192810,   280, , ,R,099090
AJXLP325250,                     "ZYUD-OSTOV-KULTUK",  39.3500,   49.2700,   -23.0,192811,   418, , ,R,099090
AJXLP325250,                     "ZYUD-OSTOV-KULTUK",  39.3500,   49.2700,   -23.0,192812,   613, , ,R,099090
AJXLP325250,                     "ZYUD-OSTOV-KULTUK",  39.3500,   49.2700,   -23.0,192901,   312, , ,R,099090
AJXLP325250,                     "ZYUD-OSTOV-KULTUK",  39.3500,   49.2700,   -23.0,192902,   136, , ,R,099090
AJXLP325250,                     "ZYUD-OSTOV-KULTUK",  39.3500,   49.2700,   -23.0,192903,   505, , ,R,099090
AJXLP325250,                     "ZYUD-OSTOV-KULTUK",  39.3500,   49.2700,   -23.0,192904,    62, , ,R,099090
AJXLP325250,                     "ZYUD-OSTOV-KULTUK",  39.3500,   49.2700,   -23.0,192905,     0, , ,R,099090
AJXLP325250,                     "ZYUD-OSTOV-KULTUK",  39.3500,   49.2700,   -23.0,192906,   153, , ,R,099090
AJXLP325250,                     "ZYUD-OSTOV-KULTUK",  39.3500,   49.2700,   -23.0,192907,    10, , ,R,099090
AJXLP325250,                     "ZYUD-OSTOV-KULTUK",  39.3500,   49.2700,   -23.0,192908,     0, , ,R,099090
AJXLP325250,                     "ZYUD-OSTOV-KULTUK",  39.3500,   49.2700,   -23.0,192909,   177, , ,R,099090
AJXLP325250,                     "ZYUD-OSTOV-KULTUK",  39.3500,   49.2700,   -23.0,192910,    73, , ,R,099090
AJXLP325250,                     "ZYUD-OSTOV-KULTUK",  39.3500,   49.2700,   -23.0,192911,   635, , ,R,099090
AJXLP325250,                     "ZYUD-OSTOV-KULTUK",  39.3500,   49.2700,   -23.0,192912,   333, , ,R,099090
AJXLP325250,                     "ZYUD-OSTOV-KULTUK",  39.3500,   49.2700,   -23.0,193001,   270, , ,R,099090
AJXLP325250,                     "ZYUD-OSTOV-KULTUK",  39.3500,   49.2700,   -23.0,193002,   466, , ,R,099090
AJXLP325250,                     "ZYUD-OSTOV-KULTUK",  39.3500,   49.2700,   -23.0,193003,    51, , ,R,099090
AJXLP325250,                     "ZYUD-OSTOV-KULTUK",  39.3500,   49.2700,   -23.0,193004,   283, , ,R,099090
AJXLP325250,                     "ZYUD-OSTOV-KULTUK",  39.3500,   49.2700,   -23.0,193005,   103, , ,R,099090
AJXLP325250,                     "ZYUD-OSTOV-KULTUK",  39.3500,   49.2700,   -23.0,193006,    71, , ,R,099090
AJXLP325250,                     "ZYUD-OSTOV-KULTUK",  39.3500,   49.2700,   -23.0,193007,    21, , ,R,099090
AJXLP325250,                     "ZYUD-OSTOV-KULTUK",  39.3500,   49.2700,   -23.0,193008,     0, , ,R,099090
AJXLP325250,                     "ZYUD-OSTOV-KULTUK",  39.3500,   49.2700,   -23.0,193009,   209, , ,R,099090
AJXLP325250,                     "ZYUD-OSTOV-KULTUK",  39.3500,   49.2700,   -23.0,193010,   266, , ,R,099090
AJXLP325250,                     "ZYUD-OSTOV-KULTUK",  39.3500,   49.2700,   -23.0,193011,   115, , ,R,099090
AJXLP325250,                     "ZYUD-OSTOV-KULTUK",  39.3500,   49.2700,   -23.0,193012,   613, , ,R,099090
AJXLP325250,                     "ZYUD-OSTOV-KULTUK",  39.3500,   49.2700,   -23.0,193101,   303, , ,R,099090
AJXLP325250,                     "ZYUD-OSTOV-KULTUK",  39.3500,   49.2700,   -23.0,193102,   199, , ,R,099090
AJXLP325250,                     "ZYUD-OSTOV-KULTUK",  39.3500,   49.2700,   -23.0,193103,   185, , ,R,099090
AJXLP325250,                     "ZYUD-OSTOV-KULTUK",  39.3500,   49.2700,   -23.0,193104,   524, , ,R,099090
AJXLP325250,                     "ZYUD-OSTOV-KULTUK",  39.3500,   49.2700,   -23.0,193105,   218, , ,R,099090
AJXLP325250,                     "ZYUD-OSTOV-KULTUK",  39.3500,   49.2700,   -23.0,193106,     0, , ,R,099090
AJXLP325250,                     "ZYUD-OSTOV-KULTUK",  39.3500,   49.2700,   -23.0,193107,    31, , ,R,099090
AJXLP325250,                     "ZYUD-OSTOV-KULTUK",  39.3500,   49.2700,   -23.0,193108,    31, , ,R,099090
AJXLP325250,                     "ZYUD-OSTOV-KULTUK",  39.3500,   49.2700,   -23.0,193109,    10, , ,R,099090
AJXLP325250,                     "ZYUD-OSTOV-KULTUK",  39.3500,   49.2700,   -23.0,193110,   536, , ,R,099090
AJXLP325250,                     "ZYUD-OSTOV-KULTUK",  39.3500,   49.2700,   -23.0,193112,    93, , ,R,099090
AJXLP325250,                     "ZYUD-OSTOV-KULTUK",  39.3500,   49.2700,   -23.0,193201,   291, , ,R,099090
AJXLP325250,                     "ZYUD-OSTOV-KULTUK",  39.3500,   49.2700,   -23.0,193202,    41, , ,R,099090
AJXLP325250,                     "ZYUD-OSTOV-KULTUK",  39.3500,   49.2700,   -23.0,193203,   537, , ,R,099090
AJXLP325250,                     "ZYUD-OSTOV-KULTUK",  39.3500,   49.2700,   -23.0,193204,   376, , ,R,099090
AJXLP325250,                     "ZYUD-OSTOV-KULTUK",  39.3500,   49.2700,   -23.0,193205,    41, , ,R,099090
AJXLP325250,                     "ZYUD-OSTOV-KULTUK",  39.3500,   49.2700,   -23.0,193206,    31, , ,R,099090
AJXLP325250,                     "ZYUD-OSTOV-KULTUK",  39.3500,   49.2700,   -23.0,193207,   302, , ,R,099090
AJXLP325250,                     "ZYUD-OSTOV-KULTUK",  39.3500,   49.2700,   -23.0,193208,   238, , ,R,099090
AJXLP325250,                     "ZYUD-OSTOV-KULTUK",  39.3500,   49.2700,   -23.0,193209,    73, , ,R,099090
AJXLP325250,                     "ZYUD-OSTOV-KULTUK",  39.3500,   49.2700,   -23.0,193210,   123, , ,R,099090
AJXLP325250,                     "ZYUD-OSTOV-KULTUK",  39.3500,   49.2700,   -23.0,193211,   717, , ,R,099090
AJXLP325250,                     "ZYUD-OSTOV-KULTUK",  39.3500,   49.2700,   -23.0,193212,   446, , ,R,099090
AJXLP325250,                     "ZYUD-OSTOV-KULTUK",  39.3500,   49.2700,   -23.0,193301,   343, , ,R,099090
AJXLP325250,                     "ZYUD-OSTOV-KULTUK",  39.3500,   49.2700,   -23.0,193302,   364, , ,R,099090
AJXLP325250,                     "ZYUD-OSTOV-KULTUK",  39.3500,   49.2700,   -23.0,193303,   329, , ,R,099090
AJXLP325250,                     "ZYUD-OSTOV-KULTUK",  39.3500,   49.2700,   -23.0,193304,   147, , ,R,099090
AJXLP325250,                     "ZYUD-OSTOV-KULTUK",  39.3500,   49.2700,   -23.0,193305,     9, , ,R,099090
AJXLP325250,                     "ZYUD-OSTOV-KULTUK",  39.3500,   49.2700,   -23.0,193306,   143, , ,R,099090
AJXLP325250,                     "ZYUD-OSTOV-KULTUK",  39.3500,   49.2700,   -23.0,193307,    42, , ,R,099090
AJXLP325250,                     "ZYUD-OSTOV-KULTUK",  39.3500,   49.2700,   -23.0,193308,     0, , ,R,099090
AJXLP325250,                     "ZYUD-OSTOV-KULTUK",  39.3500,   49.2700,   -23.0,193309,     0, , ,R,099090
AJXLP325250,                     "ZYUD-OSTOV-KULTUK",  39.3500,   49.2700,   -23.0,193310,   196, , ,R,099090
AJXLP325250,                     "ZYUD-OSTOV-KULTUK",  39.3500,   49.2700,   -23.0,193311,   362, , ,R,099090
AJXLP325250,                     "ZYUD-OSTOV-KULTUK",  39.3500,   49.2700,   -23.0,193312,   219, , ,R,099090
AJXLP325250,                     "ZYUD-OSTOV-KULTUK",  39.3500,   49.2700,   -23.0,193401,    52, , ,R,099090
AJXLP325250,                     "ZYUD-OSTOV-KULTUK",  39.3500,   49.2700,   -23.0,193402,    72, , ,R,099090
AJXLP325250,                     "ZYUD-OSTOV-KULTUK",  39.3500,   49.2700,   -23.0,193403,    94, , ,R,099090
AJXLP325250,                     "ZYUD-OSTOV-KULTUK",  39.3500,   49.2700,   -23.0,193404,   963, , ,R,099090
AJXLP325250,                     "ZYUD-OSTOV-KULTUK",  39.3500,   49.2700,   -23.0,193405,    52, , ,R,099090
AJXLP325250,                     "ZYUD-OSTOV-KULTUK",  39.3500,   49.2700,   -23.0,193406,   102, , ,R,099090
AJXLP325250,                     "ZYUD-OSTOV-KULTUK",  39.3500,   49.2700,   -23.0,193407,    42, , ,R,099090
AJXLP325250,                     "ZYUD-OSTOV-KULTUK",  39.3500,   49.2700,   -23.0,193408,    10, , ,R,099090
AJXLP325250,                     "ZYUD-OSTOV-KULTUK",  39.3500,   49.2700,   -23.0,193409,   282, , ,R,099090
AJXLP325250,                     "ZYUD-OSTOV-KULTUK",  39.3500,   49.2700,   -23.0,193410,   111, , ,R,099090
AJXLP325250,                     "ZYUD-OSTOV-KULTUK",  39.3500,   49.2700,   -23.0,193411,   268, , ,R,099090
AJXLP325250,                     "ZYUD-OSTOV-KULTUK",  39.3500,   49.2700,   -23.0,193412,   147, , ,R,099090
AJXLP325250,                     "ZYUD-OSTOV-KULTUK",  39.3500,   49.2700,   -23.0,193501,   134, , ,R,099090
AJXLP325250,                     "ZYUD-OSTOV-KULTUK",  39.3500,   49.2700,   -23.0,193502,   177, , ,R,099090
AJXLP325250,                     "ZYUD-OSTOV-KULTUK",  39.3500,   49.2700,   -23.0,193503,    81, , ,R,099090
AJXLP325250,                     "ZYUD-OSTOV-KULTUK",  39.3500,   49.2700,   -23.0,193504,   251, , ,R,099090
AJXLP325250,                     "ZYUD-OSTOV-KULTUK",  39.3500,   49.2700,   -23.0,193505,   134, , ,R,099090
AJXLP325250,                     "ZYUD-OSTOV-KULTUK",  39.3500,   49.2700,   -23.0,193506,    82, , ,R,099090
AJXLP325250,                     "ZYUD-OSTOV-KULTUK",  39.3500,   49.2700,   -23.0,193507,    21, , ,R,099090
AJXLP325250,                     "ZYUD-OSTOV-KULTUK",  39.3500,   49.2700,   -23.0,193508,     0, , ,R,099090
AJXLP325250,                     "ZYUD-OSTOV-KULTUK",  39.3500,   49.2700,   -23.0,193509,     0, , ,R,099090
AJXLP325250,                     "ZYUD-OSTOV-KULTUK",  39.3500,   49.2700,   -23.0,193510,   391, , ,R,099090
AJXLP325250,                     "ZYUD-OSTOV-KULTUK",  39.3500,   49.2700,   -23.0,193511,   926, , ,R,099090
AJXLP325250,                     "ZYUD-OSTOV-KULTUK",  39.3500,   49.2700,   -23.0,193512,   103, , ,R,099090
AJXLP325250,                     "ZYUD-OSTOV-KULTUK",  39.3500,   49.2700,   -23.0,193601,   185, , ,R,099090
AJXLP325250,                     "ZYUD-OSTOV-KULTUK",  39.3500,   49.2700,   -23.0,193602,   152, , ,R,099090
AJXLP325250,                     "ZYUD-OSTOV-KULTUK",  39.3500,   49.2700,   -23.0,193603,   275, , ,R,099090
AJXLP325250,                     "ZYUD-OSTOV-KULTUK",  39.3500,   49.2700,   -23.0,193604,    88, , ,R,099090
AJXLP325250,                     "ZYUD-OSTOV-KULTUK",  39.3500,   49.2700,   -23.0,193605,    64, , ,R,099090
AJXLP325250,                     "ZYUD-OSTOV-KULTUK",  39.3500,   49.2700,   -23.0,193606,    84, , ,R,099090
AJXLP325250,                     "ZYUD-OSTOV-KULTUK",  39.3500,   49.2700,   -23.0,193607,    44, , ,R,099090
AJXLP325250,                     "ZYUD-OSTOV-KULTUK",  39.3500,   49.2700,   -23.0,193608,   118, , ,R,099090
AJXLP325250,                     "ZYUD-OSTOV-KULTUK",  39.3500,   49.2700,   -23.0,193609,   131, , ,R,099090
AJXLP325250,                     "ZYUD-OSTOV-KULTUK",  39.3500,   49.2700,   -23.0,193610,   307, , ,R,099090
AJXLP325250,                     "ZYUD-OSTOV-KULTUK",  39.3500,   49.2700,   -23.0,193611,   173, , ,R,099090
AJXLP325250,                     "ZYUD-OSTOV-KULTUK",  39.3500,   49.2700,   -23.0,193612,   183, , ,R,099090
AJXLP325250,                     "ZYUD-OSTOV-KULTUK",  39.3500,   49.2700,   -23.0,193701,   779, , ,R,099090
AJXLP325250,                     "ZYUD-OSTOV-KULTUK",  39.3500,   49.2700,   -23.0,193702,    75, , ,R,099090
AJXLP325250,                     "ZYUD-OSTOV-KULTUK",  39.3500,   49.2700,   -23.0,193703,    43, , ,R,099090
AJXLP325250,                     "ZYUD-OSTOV-KULTUK",  39.3500,   49.2700,   -23.0,193704,   154, , ,R,099090
AJXLP325250,                     "ZYUD-OSTOV-KULTUK",  39.3500,   49.2700,   -23.0,193705,   334, , ,R,099090
AJXLP325250,                     "ZYUD-OSTOV-KULTUK",  39.3500,   49.2700,   -23.0,193706,   114, , ,R,099090
AJXLP325250,                     "ZYUD-OSTOV-KULTUK",  39.3500,   49.2700,   -23.0,193707,    22, , ,R,099090
AJXLP325250,                     "ZYUD-OSTOV-KULTUK",  39.3500,   49.2700,   -23.0,193708,    21, , ,R,099090
AJXLP325250,                     "ZYUD-OSTOV-KULTUK",  39.3500,   49.2700,   -23.0,193709,    54, , ,R,099090
AJXLP325250,                     "ZYUD-OSTOV-KULTUK",  39.3500,   49.2700,   -23.0,193710,   235, , ,R,099090
AJXLP325250,                     "ZYUD-OSTOV-KULTUK",  39.3500,   49.2700,   -23.0,193711,   789, , ,R,099090
AJXLP325250,                     "ZYUD-OSTOV-KULTUK",  39.3500,   49.2700,   -23.0,193712,    31, , ,R,099090
AJXLP325250,                     "ZYUD-OSTOV-KULTUK",  39.3500,   49.2700,   -23.0,193801,   173, , ,R,099090
AJXLP325250,                     "ZYUD-OSTOV-KULTUK",  39.3500,   49.2700,   -23.0,193802,   141, , ,R,099090
AJXLP325250,                     "ZYUD-OSTOV-KULTUK",  39.3500,   49.2700,   -23.0,193803,   254, , ,R,099090
AJXLP325250,                     "ZYUD-OSTOV-KULTUK",  39.3500,   49.2700,   -23.0,193804,    35, , ,R,099090
AJXLP325250,                     "ZYUD-OSTOV-KULTUK",  39.3500,   49.2700,   -23.0,193805,   194, , ,R,099090
AJXLP325250,                     "ZYUD-OSTOV-KULTUK",  39.3500,   49.2700,   -23.0,193806,     0, , ,R,099090
AJXLP325250,                     "ZYUD-OSTOV-KULTUK",  39.3500,   49.2700,   -23.0,193807,    64, , ,R,099090
AJXLP325250,                     "ZYUD-OSTOV-KULTUK",  39.3500,   49.2700,   -23.0,193808,    10, , ,R,099090
AJXLP325250,                     "ZYUD-OSTOV-KULTUK",  39.3500,   49.2700,   -23.0,193809,   583, , ,R,099090
AJXLP325250,                     "ZYUD-OSTOV-KULTUK",  39.3500,   49.2700,   -23.0,193810,   104, , ,R,099090
AJXLP325250,                     "ZYUD-OSTOV-KULTUK",  39.3500,   49.2700,   -23.0,193811,   541, , ,R,099090
AJXLP325250,                     "ZYUD-OSTOV-KULTUK",  39.3500,   49.2700,   -23.0,193812,  1280, , ,R,099090
AJXLP325250,                     "ZYUD-OSTOV-KULTUK",  39.3500,   49.2700,   -23.0,193901,   109, , ,R,099090
AJXLP325250,                     "ZYUD-OSTOV-KULTUK",  39.3500,   49.2700,   -23.0,193902,   141, , ,R,099090
AJXLP325250,                     "ZYUD-OSTOV-KULTUK",  39.3500,   49.2700,   -23.0,193903,   180, , ,R,099090
AJXLP325250,                     "ZYUD-OSTOV-KULTUK",  39.3500,   49.2700,   -23.0,193904,   473, , ,R,099090
AJXLP325250,                     "ZYUD-OSTOV-KULTUK",  39.3500,   49.2700,   -23.0,193905,    43, , ,R,099090
AJXLP325250,                     "ZYUD-OSTOV-KULTUK",  39.3500,   49.2700,   -23.0,193906,    10, , ,R,099090
AJXLP325250,                     "ZYUD-OSTOV-KULTUK",  39.3500,   49.2700,   -23.0,193907,     0, , ,R,099090
AJXLP325250,                     "ZYUD-OSTOV-KULTUK",  39.3500,   49.2700,   -23.0,193908,     0, , ,R,099090
AJXLP325250,                     "ZYUD-OSTOV-KULTUK",  39.3500,   49.2700,   -23.0,193909,    23, , ,R,099090
AJXLP325250,                     "ZYUD-OSTOV-KULTUK",  39.3500,   49.2700,   -23.0,193910,    94, , ,R,099090
AJXLP325250,                     "ZYUD-OSTOV-KULTUK",  39.3500,   49.2700,   -23.0,193911,  1091, , ,R,099090
AJXLP325250,                     "ZYUD-OSTOV-KULTUK",  39.3500,   49.2700,   -23.0,193912,   208, , ,R,099090
AJXLP325250,                     "ZYUD-OSTOV-KULTUK",  39.3500,   49.2700,   -23.0,194001,   463, , ,R,099090
AJXLP325250,                     "ZYUD-OSTOV-KULTUK",  39.3500,   49.2700,   -23.0,194002,   421, , ,R,099090
AJXLP325250,                     "ZYUD-OSTOV-KULTUK",  39.3500,   49.2700,   -23.0,194003,   171, , ,R,099090
AJXLP325250,                     "ZYUD-OSTOV-KULTUK",  39.3500,   49.2700,   -23.0,194004,   143, , ,R,099090
AJXLP325250,                     "ZYUD-OSTOV-KULTUK",  39.3500,   49.2700,   -23.0,194005,   162, , ,R,099090
AJXLP325250,                     "ZYUD-OSTOV-KULTUK",  39.3500,   49.2700,   -23.0,194006,    20, , ,R,099090
AJXLP325250,                     "ZYUD-OSTOV-KULTUK",  39.3500,   49.2700,   -23.0,194007,    22, , ,R,099090
AJXLP325250,                     "ZYUD-OSTOV-KULTUK",  39.3500,   49.2700,   -23.0,194008,     0, , ,R,099090
AJXLP325250,                     "ZYUD-OSTOV-KULTUK",  39.3500,   49.2700,   -23.0,194009,   508, , ,R,099090
AJXLP325250,                     "ZYUD-OSTOV-KULTUK",  39.3500,   49.2700,   -23.0,194010,   732, , ,R,099090
AJXLP325250,                     "ZYUD-OSTOV-KULTUK",  39.3500,   49.2700,   -23.0,194011,    31, , ,R,099090
AJXLP325250,                     "ZYUD-OSTOV-KULTUK",  39.3500,   49.2700,   -23.0,194012,   477, , ,R,099090
AJXLP325250,                     "ZYUD-OSTOV-KULTUK",  39.3500,   49.2700,   -23.0,194101,   140, , ,R,099090
AJXLP325250,                     "ZYUD-OSTOV-KULTUK",  39.3500,   49.2700,   -23.0,194102,    98, , ,R,099090
AJXLP325250,                     "ZYUD-OSTOV-KULTUK",  39.3500,   49.2700,   -23.0,194103,   265, , ,R,099090
AJXLP325250,                     "ZYUD-OSTOV-KULTUK",  39.3500,   49.2700,   -23.0,194104,   132, , ,R,099090
AJXLP325250,                     "ZYUD-OSTOV-KULTUK",  39.3500,   49.2700,   -23.0,194105,    10, , ,R,099090
AJXLP325250,                     "ZYUD-OSTOV-KULTUK",  39.3500,   49.2700,   -23.0,194106,    42, , ,R,099090
AJXLP325250,                     "ZYUD-OSTOV-KULTUK",  39.3500,   49.2700,   -23.0,194107,    10, , ,R,099090
AJXLP325250,                     "ZYUD-OSTOV-KULTUK",  39.3500,   49.2700,   -23.0,194108,    53, , ,R,099090
AJXLP325250,                     "ZYUD-OSTOV-KULTUK",  39.3500,   49.2700,   -23.0,194111,   368, , ,R,099090
AJXLP325250,                     "ZYUD-OSTOV-KULTUK",  39.3500,   49.2700,   -23.0,194112,    44, , ,R,099090
AJXLP325250,                     "ZYUD-OSTOV-KULTUK",  39.3500,   49.2700,   -23.0,194201,   650, , ,R,099090
AJXLP325250,                     "ZYUD-OSTOV-KULTUK",  39.3500,   49.2700,   -23.0,194202,   497, , ,R,099090
AJXLP325250,                     "ZYUD-OSTOV-KULTUK",  39.3500,   49.2700,   -23.0,194203,   265, , ,R,099090
AJXLP325250,                     "ZYUD-OSTOV-KULTUK",  39.3500,   49.2700,   -23.0,194204,   452, , ,R,099090
AJXLP325250,                     "ZYUD-OSTOV-KULTUK",  39.3500,   49.2700,   -23.0,194205,   193, , ,R,099090
AJXLP325250,                     "ZYUD-OSTOV-KULTUK",  39.3500,   49.2700,   -23.0,194206,    10, , ,R,099090
AJXLP325250,                     "ZYUD-OSTOV-KULTUK",  39.3500,   49.2700,   -23.0,194207,    10, , ,R,099090
AJXLP325250,                     "ZYUD-OSTOV-KULTUK",  39.3500,   49.2700,   -23.0,194208,     0, , ,R,099090
AJXLP325250,                     "ZYUD-OSTOV-KULTUK",  39.3500,   49.2700,   -23.0,194209,   109, , ,R,099090
AJXLP325250,                     "ZYUD-OSTOV-KULTUK",  39.3500,   49.2700,   -23.0,194210,   245, , ,R,099090
AJXLP325250,                     "ZYUD-OSTOV-KULTUK",  39.3500,   49.2700,   -23.0,194211,   572, , ,R,099090
AJXLP325250,                     "ZYUD-OSTOV-KULTUK",  39.3500,   49.2700,   -23.0,194212,   260, , ,R,099090
AJXLP325250,                     "ZYUD-OSTOV-KULTUK",  39.3500,   49.2700,   -23.0,194301,   369, , ,R,099090
AJXLP325250,                     "ZYUD-OSTOV-KULTUK",  39.3500,   49.2700,   -23.0,194302,   671, , ,R,099090
AJXLP325250,                     "ZYUD-OSTOV-KULTUK",  39.3500,   49.2700,   -23.0,194303,   881, , ,R,099090
AJXLP325250,                     "ZYUD-OSTOV-KULTUK",  39.3500,   49.2700,   -23.0,194304,    77, , ,R,099090
AJXLP325250,                     "ZYUD-OSTOV-KULTUK",  39.3500,   49.2700,   -23.0,194305,   380, , ,R,099090
AJXLP325250,                     "ZYUD-OSTOV-KULTUK",  39.3500,   49.2700,   -23.0,194306,   292, , ,R,099090
AJXLP325250,                     "ZYUD-OSTOV-KULTUK",  39.3500,   49.2700,   -23.0,194307,    10, , ,R,099090
AJXLP325250,                     "ZYUD-OSTOV-KULTUK",  39.3500,   49.2700,   -23.0,194308,   605, , ,R,099090
AJXLP325250,                     "ZYUD-OSTOV-KULTUK",  39.3500,   49.2700,   -23.0,194309,   574, , ,R,099090
AJXLP325250,                     "ZYUD-OSTOV-KULTUK",  39.3500,   49.2700,   -23.0,194310,   188, , ,R,099090
AJXLP325250,                     "ZYUD-OSTOV-KULTUK",  39.3500,   49.2700,   -23.0,194311,   194, , ,R,099090
AJXLP325250,                     "ZYUD-OSTOV-KULTUK",  39.3500,   49.2700,   -23.0,194312,   411, , ,R,099090
AJXLP325250,                     "ZYUD-OSTOV-KULTUK",  39.3500,   49.2700,   -23.0,194401,   464, , ,R,099090
AJXLP325250,                     "ZYUD-OSTOV-KULTUK",  39.3500,   49.2700,   -23.0,194402,   119, , ,R,099090
AJXLP325250,                     "ZYUD-OSTOV-KULTUK",  39.3500,   49.2700,   -23.0,194403,    10, , ,R,099090
AJXLP325250,                     "ZYUD-OSTOV-KULTUK",  39.3500,   49.2700,   -23.0,194404,   253, , ,R,099090
AJXLP325250,                     "ZYUD-OSTOV-KULTUK",  39.3500,   49.2700,   -23.0,194405,   410, , ,R,099090
AJXLP325250,                     "ZYUD-OSTOV-KULTUK",  39.3500,   49.2700,   -23.0,194406,    10, , ,R,099090
AJXLP325250,                     "ZYUD-OSTOV-KULTUK",  39.3500,   49.2700,   -23.0,194407,     0, , ,R,099090
AJXLP325250,                     "ZYUD-OSTOV-KULTUK",  39.3500,   49.2700,   -23.0,194408,     0, , ,R,099090
AJXLP325250,                     "ZYUD-OSTOV-KULTUK",  39.3500,   49.2700,   -23.0,194409,    33, , ,R,099090
AJXLP325250,                     "ZYUD-OSTOV-KULTUK",  39.3500,   49.2700,   -23.0,194410,   359, , ,R,099090
AJXLP325250,                     "ZYUD-OSTOV-KULTUK",  39.3500,   49.2700,   -23.0,194411,   940, , ,R,099090
AJXLP325250,                     "ZYUD-OSTOV-KULTUK",  39.3500,   49.2700,   -23.0,194412,    98, , ,R,099090
AJXLP325250,                     "ZYUD-OSTOV-KULTUK",  39.3500,   49.2700,   -23.0,194501,   919, , ,R,099090
AJXLP325250,                     "ZYUD-OSTOV-KULTUK",  39.3500,   49.2700,   -23.0,194502,   573, , ,R,099090
AJXLP325250,                     "ZYUD-OSTOV-KULTUK",  39.3500,   49.2700,   -23.0,194503,   128, , ,R,099090
AJXLP325250,                     "ZYUD-OSTOV-KULTUK",  39.3500,   49.2700,   -23.0,194504,    77, , ,R,099090
AJXLP325250,                     "ZYUD-OSTOV-KULTUK",  39.3500,   49.2700,   -23.0,194505,   129, , ,R,099090
AJXLP325250,                     "ZYUD-OSTOV-KULTUK",  39.3500,   49.2700,   -23.0,194506,   218, , ,R,099090
AJXLP325250,                     "ZYUD-OSTOV-KULTUK",  39.3500,   49.2700,   -23.0,194507,     0, , ,R,099090
AJXLP325250,                     "ZYUD-OSTOV-KULTUK",  39.3500,   49.2700,   -23.0,194508,    64, , ,R,099090
AJXLP325250,                     "ZYUD-OSTOV-KULTUK",  39.3500,   49.2700,   -23.0,194509,    98, , ,R,099090
AJXLP325250,                     "ZYUD-OSTOV-KULTUK",  39.3500,   49.2700,   -23.0,194510,    84, , ,R,099090
AJXLP325250,                     "ZYUD-OSTOV-KULTUK",  39.3500,   49.2700,   -23.0,194511,   519, , ,R,099090
AJXLP325250,                     "ZYUD-OSTOV-KULTUK",  39.3500,   49.2700,   -23.0,194512,   140, , ,R,099090
AJXLP325250,                     "ZYUD-OSTOV-KULTUK",  39.3500,   49.2700,   -23.0,194601,    79, , ,R,099090
AJXLP325250,                     "ZYUD-OSTOV-KULTUK",  39.3500,   49.2700,   -23.0,194602,   194, , ,R,099090
AJXLP325250,                     "ZYUD-OSTOV-KULTUK",  39.3500,   49.2700,   -23.0,194603,   743, , ,R,099090
AJXLP325250,                     "ZYUD-OSTOV-KULTUK",  39.3500,   49.2700,   -23.0,194604,   198, , ,R,099090
AJXLP325250,                     "ZYUD-OSTOV-KULTUK",  39.3500,   49.2700,   -23.0,194605,   216, , ,R,099090
AJXLP325250,                     "ZYUD-OSTOV-KULTUK",  39.3500,   49.2700,   -23.0,194606,    20, , ,R,099090
AJXLP325250,                     "ZYUD-OSTOV-KULTUK",  39.3500,   49.2700,   -23.0,194607,    54, , ,R,099090
AJXLP325250,                     "ZYUD-OSTOV-KULTUK",  39.3500,   49.2700,   -23.0,194608,     0, , ,R,099090
AJXLP325250,                     "ZYUD-OSTOV-KULTUK",  39.3500,   49.2700,   -23.0,194609,   357, , ,R,099090
AJXLP325250,                     "ZYUD-OSTOV-KULTUK",  39.3500,   49.2700,   -23.0,194610,   861, , ,R,099090
AJXLP325250,                     "ZYUD-OSTOV-KULTUK",  39.3500,   49.2700,   -23.0,194611,   279, , ,R,099090
AJXLP325250,                     "ZYUD-OSTOV-KULTUK",  39.3500,   49.2700,   -23.0,194612,   269, , ,R,099090
AJXLP325250,                     "ZYUD-OSTOV-KULTUK",  39.3500,   49.2700,   -23.0,194701,   270, , ,R,099090
AJXLP325250,                     "ZYUD-OSTOV-KULTUK",  39.3500,   49.2700,   -23.0,194702,   227, , ,R,099090
AJXLP325250,                     "ZYUD-OSTOV-KULTUK",  39.3500,   49.2700,   -23.0,194703,   180, , ,R,099090
AJXLP325250,                     "ZYUD-OSTOV-KULTUK",  39.3500,   49.2700,   -23.0,194704,    55, , ,R,099090
AJXLP325250,                     "ZYUD-OSTOV-KULTUK",  39.3500,   49.2700,   -23.0,194705,   108, , ,R,099090
AJXLP325250,                     "ZYUD-OSTOV-KULTUK",  39.3500,   49.2700,   -23.0,194706,    32, , ,R,099090
AJXLP325250,                     "ZYUD-OSTOV-KULTUK",  39.3500,   49.2700,   -23.0,194707,    44, , ,R,099090
AJXLP325250,                     "ZYUD-OSTOV-KULTUK",  39.3500,   49.2700,   -23.0,194708,    32, , ,R,099090
AJXLP325250,                     "ZYUD-OSTOV-KULTUK",  39.3500,   49.2700,   -23.0,194709,   942, , ,R,099090
AJXLP325250,                     "ZYUD-OSTOV-KULTUK",  39.3500,   49.2700,   -23.0,194710,   382, , ,R,099090
AJXLP325250,                     "ZYUD-OSTOV-KULTUK",  39.3500,   49.2700,   -23.0,194711,   475, , ,R,099090
AJXLP325250,                     "ZYUD-OSTOV-KULTUK",  39.3500,   49.2700,   -23.0,194712,   172, , ,R,099090
AJXLP325250,                     "ZYUD-OSTOV-KULTUK",  39.3500,   49.2700,   -23.0,194801,    79, , ,R,099090
AJXLP325250,                     "ZYUD-OSTOV-KULTUK",  39.3500,   49.2700,   -23.0,194802,   357, , ,R,099090
AJXLP325250,                     "ZYUD-OSTOV-KULTUK",  39.3500,   49.2700,   -23.0,194803,   191, , ,R,099090
AJXLP325250,                     "ZYUD-OSTOV-KULTUK",  39.3500,   49.2700,   -23.0,194804,   154, , ,R,099090
AJXLP325250,                     "ZYUD-OSTOV-KULTUK",  39.3500,   49.2700,   -23.0,194805,    32, , ,R,099090
AJXLP325250,                     "ZYUD-OSTOV-KULTUK",  39.3500,   49.2700,   -23.0,194806,    42, , ,R,099090
AJXLP325250,                     "ZYUD-OSTOV-KULTUK",  39.3500,   49.2700,   -23.0,194807,    64, , ,R,099090
AJXLP325250,                     "ZYUD-OSTOV-KULTUK",  39.3500,   49.2700,   -23.0,194808,    43, , ,R,099090
AJXLP325250,                     "ZYUD-OSTOV-KULTUK",  39.3500,   49.2700,   -23.0,194809,    10, , ,R,099090
AJXLP325250,                     "ZYUD-OSTOV-KULTUK",  39.3500,   49.2700,   -23.0,194810,    33, , ,R,099090
AJXLP325250,                     "ZYUD-OSTOV-KULTUK",  39.3500,   49.2700,   -23.0,194811,   217, , ,R,099090
AJXLP325250,                     "ZYUD-OSTOV-KULTUK",  39.3500,   49.2700,   -23.0,194812,    22, , ,R,099090
AJXLP325250,                     "ZYUD-OSTOV-KULTUK",  39.3500,   49.2700,   -23.0,194901,   292, , ,R,099090
AJXLP325250,                     "ZYUD-OSTOV-KULTUK",  39.3500,   49.2700,   -23.0,194902,   260, , ,R,099090
AJXLP325250,                     "ZYUD-OSTOV-KULTUK",  39.3500,   49.2700,   -23.0,194903,   382, , ,R,099090
AJXLP325250,                     "ZYUD-OSTOV-KULTUK",  39.3500,   49.2700,   -23.0,194904,   331, , ,R,099090
AJXLP325250,                     "ZYUD-OSTOV-KULTUK",  39.3500,   49.2700,   -23.0,194905,   119, , ,R,099090
AJXLP325250,                     "ZYUD-OSTOV-KULTUK",  39.3500,   49.2700,   -23.0,194906,     0, , ,R,099090
AJXLP325250,                     "ZYUD-OSTOV-KULTUK",  39.3500,   49.2700,   -23.0,194907,    32, , ,R,099090
AJXLP325250,                     "ZYUD-OSTOV-KULTUK",  39.3500,   49.2700,   -23.0,194908,   216, , ,R,099090
AJXLP325250,                     "ZYUD-OSTOV-KULTUK",  39.3500,   49.2700,   -23.0,194909,    21, , ,R,099090
AJXLP325250,                     "ZYUD-OSTOV-KULTUK",  39.3500,   49.2700,   -23.0,194910,   234, , ,R,099090
AJXLP325250,                     "ZYUD-OSTOV-KULTUK",  39.3500,   49.2700,   -23.0,194911,   249, , ,R,099090
AJXLP325250,                     "ZYUD-OSTOV-KULTUK",  39.3500,   49.2700,   -23.0,194912,   747, , ,R,099090
AJXLP325250,                     "ZYUD-OSTOV-KULTUK",  39.3500,   49.2700,   -23.0,195001,   193, , ,R,099090
AJXLP325250,                     "ZYUD-OSTOV-KULTUK",  39.3500,   49.2700,   -23.0,195002,   433, , ,R,099090
AJXLP325250,                     "ZYUD-OSTOV-KULTUK",  39.3500,   49.2700,   -23.0,195003,    64, , ,R,099090
AJXLP325250,                     "ZYUD-OSTOV-KULTUK",  39.3500,   49.2700,   -23.0,195004,    33, , ,R,099090
AJXLP325250,                     "ZYUD-OSTOV-KULTUK",  39.3500,   49.2700,   -23.0,195005,    10, , ,R,099090
AJXLP325250,                     "ZYUD-OSTOV-KULTUK",  39.3500,   49.2700,   -23.0,195006,    32, , ,R,099090
AJXLP325250,                     "ZYUD-OSTOV-KULTUK",  39.3500,   49.2700,   -23.0,195007,    22, , ,R,099090
AJXLP325250,                     "ZYUD-OSTOV-KULTUK",  39.3500,   49.2700,   -23.0,195008,    64, , ,R,099090
AJXLP325250,                     "ZYUD-OSTOV-KULTUK",  39.3500,   49.2700,   -23.0,195009,    44, , ,R,099090
AJXLP325250,                     "ZYUD-OSTOV-KULTUK",  39.3500,   49.2700,   -23.0,195010,   297, , ,R,099090
AJXLP325250,                     "ZYUD-OSTOV-KULTUK",  39.3500,   49.2700,   -23.0,195011,   182, , ,R,099090
AJXLP325250,                     "ZYUD-OSTOV-KULTUK",  39.3500,   49.2700,   -23.0,195012,   322, , ,R,099090
AJXLP325250,                     "ZYUD-OSTOV-KULTUK",  39.3500,   49.2700,   -23.0,195101,   352, , ,R,099090
AJXLP325250,                     "ZYUD-OSTOV-KULTUK",  39.3500,   49.2700,   -23.0,195102,   451, , ,R,099090
AJXLP325250,                     "ZYUD-OSTOV-KULTUK",  39.3500,   49.2700,   -23.0,195103,   133, , ,R,099090
AJXLP325250,                     "ZYUD-OSTOV-KULTUK",  39.3500,   49.2700,   -23.0,195104,    99, , ,R,099090
AJXLP325250,                     "ZYUD-OSTOV-KULTUK",  39.3500,   49.2700,   -23.0,195105,    10, , ,R,099090
AJXLP325250,                     "ZYUD-OSTOV-KULTUK",  39.3500,   49.2700,   -23.0,195106,   136, , ,R,099090
AJXLP325250,                     "ZYUD-OSTOV-KULTUK",  39.3500,   49.2700,   -23.0,195107,     2, , ,R,099090
AJXLP325250,                     "ZYUD-OSTOV-KULTUK",  39.3500,   49.2700,   -23.0,195108,     0, , ,R,099090
AJXLP325250,                     "ZYUD-OSTOV-KULTUK",  39.3500,   49.2700,   -23.0,195109,  1038, , ,R,099090
AJXLP325250,                     "ZYUD-OSTOV-KULTUK",  39.3500,   49.2700,   -23.0,195110,  1671, , ,R,099090
AJXLP325250,                     "ZYUD-OSTOV-KULTUK",  39.3500,   49.2700,   -23.0,195111,   315, , ,R,099090
AJXLP325250,                     "ZYUD-OSTOV-KULTUK",  39.3500,   49.2700,   -23.0,195112,   708, , ,R,099090
AJXLP325250,                     "ZYUD-OSTOV-KULTUK",  39.3500,   49.2700,   -23.0,195201,   140, , ,R,099090
AJXLP325250,                     "ZYUD-OSTOV-KULTUK",  39.3500,   49.2700,   -23.0,195202,   213, , ,R,099090
AJXLP325250,                     "ZYUD-OSTOV-KULTUK",  39.3500,   49.2700,   -23.0,195203,   499, , ,R,099090
AJXLP325250,                     "ZYUD-OSTOV-KULTUK",  39.3500,   49.2700,   -23.0,195204,  1147, , ,R,099090
AJXLP325250,                     "ZYUD-OSTOV-KULTUK",  39.3500,   49.2700,   -23.0,195205,   362, , ,R,099090
AJXLP325250,                     "ZYUD-OSTOV-KULTUK",  39.3500,   49.2700,   -23.0,195206,    94, , ,R,099090
AJXLP325250,                     "ZYUD-OSTOV-KULTUK",  39.3500,   49.2700,   -23.0,195207,     0, , ,R,099090
AJXLP325250,                     "ZYUD-OSTOV-KULTUK",  39.3500,   49.2700,   -23.0,195208,    64, , ,R,099090
AJXLP325250,                     "ZYUD-OSTOV-KULTUK",  39.3500,   49.2700,   -23.0,195209,    10, , ,R,099090
AJXLP325250,                     "ZYUD-OSTOV-KULTUK",  39.3500,   49.2700,   -23.0,195210,   164, , ,R,099090
AJXLP325250,                     "ZYUD-OSTOV-KULTUK",  39.3500,   49.2700,   -23.0,195211,   173, , ,R,099090
AJXLP325250,                     "ZYUD-OSTOV-KULTUK",  39.3500,   49.2700,   -23.0,195212,   272, , ,R,099090
AJXLP325250,                     "ZYUD-OSTOV-KULTUK",  39.3500,   49.2700,   -23.0,195301,   200, , ,R,099090
AJXLP325250,                     "ZYUD-OSTOV-KULTUK",  39.3500,   49.2700,   -23.0,195302,    22, , ,R,099090
AJXLP325250,                     "ZYUD-OSTOV-KULTUK",  39.3500,   49.2700,   -23.0,195303,   469, , ,R,099090
AJXLP325250,                     "ZYUD-OSTOV-KULTUK",  39.3500,   49.2700,   -23.0,195304,    88, , ,R,099090
AJXLP325250,                     "ZYUD-OSTOV-KULTUK",  39.3500,   49.2700,   -23.0,195305,   164, , ,R,099090
AJXLP325250,                     "ZYUD-OSTOV-KULTUK",  39.3500,   49.2700,   -23.0,195306,     3, , ,R,099090
AJXLP325250,                     "ZYUD-OSTOV-KULTUK",  39.3500,   49.2700,   -23.0,195307,    22, , ,R,099090
AJXLP325250,                     "ZYUD-OSTOV-KULTUK",  39.3500,   49.2700,   -23.0,195308,     0, , ,R,099090
AJXLP325250,                     "ZYUD-OSTOV-KULTUK",  39.3500,   49.2700,   -23.0,195309,   234, , ,R,099090
AJXLP325250,                     "ZYUD-OSTOV-KULTUK",  39.3500,   49.2700,   -23.0,195310,   523, , ,R,099090
AJXLP325250,                     "ZYUD-OSTOV-KULTUK",  39.3500,   49.2700,   -23.0,195311,   984, , ,R,099090
AJXLP325250,                     "ZYUD-OSTOV-KULTUK",  39.3500,   49.2700,   -23.0,195312,   699, , ,R,099090
AJXLP325250,                     "ZYUD-OSTOV-KULTUK",  39.3500,   49.2700,   -23.0,195401,   140, , ,R,099090
AJXLP325250,                     "ZYUD-OSTOV-KULTUK",  39.3500,   49.2700,   -23.0,195402,   494, , ,R,099090
AJXLP325250,                     "ZYUD-OSTOV-KULTUK",  39.3500,   49.2700,   -23.0,195403,   448, , ,R,099090
AJXLP325250,                     "ZYUD-OSTOV-KULTUK",  39.3500,   49.2700,   -23.0,195404,   341, , ,R,099090
AJXLP325250,                     "ZYUD-OSTOV-KULTUK",  39.3500,   49.2700,   -23.0,195405,   269, , ,R,099090
AJXLP325250,                     "ZYUD-OSTOV-KULTUK",  39.3500,   49.2700,   -23.0,195406,    10, , ,R,099090
AJXLP325250,                     "ZYUD-OSTOV-KULTUK",  39.3500,   49.2700,   -23.0,195407,    22, , ,R,099090
AJXLP325250,                     "ZYUD-OSTOV-KULTUK",  39.3500,   49.2700,   -23.0,195408,     0, , ,R,099090
AJXLP325250,                     "ZYUD-OSTOV-KULTUK",  39.3500,   49.2700,   -23.0,195409,   112, , ,R,099090
AJXLP325250,                     "ZYUD-OSTOV-KULTUK",  39.3500,   49.2700,   -23.0,195410,    23, , ,R,099090
AJXLP325250,                     "ZYUD-OSTOV-KULTUK",  39.3500,   49.2700,   -23.0,195411,   452, , ,R,099090
AJXLP325250,                     "ZYUD-OSTOV-KULTUK",  39.3500,   49.2700,   -23.0,195412,   182, , ,R,099090
AJXLP325250,                     "ZYUD-OSTOV-KULTUK",  39.3500,   49.2700,   -23.0,195501,    20, , ,R,099090
AJXLP325250,                     "ZYUD-OSTOV-KULTUK",  39.3500,   49.2700,   -23.0,195502,   103, , ,R,099090
AJXLP325250,                     "ZYUD-OSTOV-KULTUK",  39.3500,   49.2700,   -23.0,195503,   165, , ,R,099090
AJXLP325250,                     "ZYUD-OSTOV-KULTUK",  39.3500,   49.2700,   -23.0,195504,   353, , ,R,099090
AJXLP325250,                     "ZYUD-OSTOV-KULTUK",  39.3500,   49.2700,   -23.0,195505,   140, , ,R,099090
AJXLP325250,                     "ZYUD-OSTOV-KULTUK",  39.3500,   49.2700,   -23.0,195506,   104, , ,R,099090
AJXLP325250,                     "ZYUD-OSTOV-KULTUK",  39.3500,   49.2700,   -23.0,195507,    10, , ,R,099090
AJXLP325250,                     "ZYUD-OSTOV-KULTUK",  39.3500,   49.2700,   -23.0,195508,    64, , ,R,099090
AJXLP325250,                     "ZYUD-OSTOV-KULTUK",  39.3500,   49.2700,   -23.0,195509,   286, , ,R,099090
AJXLP325250,                     "ZYUD-OSTOV-KULTUK",  39.3500,   49.2700,   -23.0,195510,   118, , ,R,099090
AJXLP325250,                     "ZYUD-OSTOV-KULTUK",  39.3500,   49.2700,   -23.0,195511,   856, , ,R,099090
AJXLP325250,                     "ZYUD-OSTOV-KULTUK",  39.3500,   49.2700,   -23.0,195512,   112, , ,R,099090
AJXLP325250,                     "ZYUD-OSTOV-KULTUK",  39.3500,   49.2700,   -23.0,195601,   371, , ,R,099090
AJXLP325250,                     "ZYUD-OSTOV-KULTUK",  39.3500,   49.2700,   -23.0,195602,  1092, , ,R,099090
AJXLP325250,                     "ZYUD-OSTOV-KULTUK",  39.3500,   49.2700,   -23.0,195603,   978, , ,R,099090
AJXLP325250,                     "ZYUD-OSTOV-KULTUK",  39.3500,   49.2700,   -23.0,195604,   353, , ,R,099090
AJXLP325250,                     "ZYUD-OSTOV-KULTUK",  39.3500,   49.2700,   -23.0,195605,   175, , ,R,099090
AJXLP325250,                     "ZYUD-OSTOV-KULTUK",  39.3500,   49.2700,   -23.0,195606,     0, , ,R,099090
AJXLP325250,                     "ZYUD-OSTOV-KULTUK",  39.3500,   49.2700,   -23.0,195607,     0, , ,R,099090
AJXLP325250,                     "ZYUD-OSTOV-KULTUK",  39.3500,   49.2700,   -23.0,195608,     9, , ,R,099090
AJXLP325250,                     "ZYUD-OSTOV-KULTUK",  39.3500,   49.2700,   -23.0,195609,   296, , ,R,099090
AJXLP325250,                     "ZYUD-OSTOV-KULTUK",  39.3500,   49.2700,   -23.0,195610,   501, , ,R,099090
AJXLP325250,                     "ZYUD-OSTOV-KULTUK",  39.3500,   49.2700,   -23.0,195611,   337, , ,R,099090
AJXLP325250,                     "ZYUD-OSTOV-KULTUK",  39.3500,   49.2700,   -23.0,195612,   254, , ,R,099090
AJXLP325250,                     "ZYUD-OSTOV-KULTUK",  39.3500,   49.2700,   -23.0,195701,   551, , ,R,099090
AJXLP325250,                     "ZYUD-OSTOV-KULTUK",  39.3500,   49.2700,   -23.0,195702,   235, , ,R,099090
AJXLP325250,                     "ZYUD-OSTOV-KULTUK",  39.3500,   49.2700,   -23.0,195703,   419, , ,R,099090
AJXLP325250,                     "ZYUD-OSTOV-KULTUK",  39.3500,   49.2700,   -23.0,195704,   154, , ,R,099090
AJXLP325250,                     "ZYUD-OSTOV-KULTUK",  39.3500,   49.2700,   -23.0,195705,   105, , ,R,099090
AJXLP325250,                     "ZYUD-OSTOV-KULTUK",  39.3500,   49.2700,   -23.0,195706,    52, , ,R,099090
AJXLP325250,                     "ZYUD-OSTOV-KULTUK",  39.3500,   49.2700,   -23.0,195707,   130, , ,R,099090
AJXLP325250,                     "ZYUD-OSTOV-KULTUK",  39.3500,   49.2700,   -23.0,195708,   356, , ,R,099090
AJXLP325250,                     "ZYUD-OSTOV-KULTUK",  39.3500,   49.2700,   -23.0,195709,    43, , ,R,099090
AJXLP325250,                     "ZYUD-OSTOV-KULTUK",  39.3500,   49.2700,   -23.0,195710,   839, , ,R,099090
AJXLP325250,                     "ZYUD-OSTOV-KULTUK",  39.3500,   49.2700,   -23.0,195711,   355, , ,R,099090
AJXLP325250,                     "ZYUD-OSTOV-KULTUK",  39.3500,   49.2700,   -23.0,195712,   213, , ,R,099090
AJXLP325250,                     "ZYUD-OSTOV-KULTUK",  39.3500,   49.2700,   -23.0,195801,   242, , ,R,099090
AJXLP325250,                     "ZYUD-OSTOV-KULTUK",  39.3500,   49.2700,   -23.0,195802,    10, , ,R,099090
AJXLP325250,                     "ZYUD-OSTOV-KULTUK",  39.3500,   49.2700,   -23.0,195803,   172, , ,R,099090
AJXLP325250,                     "ZYUD-OSTOV-KULTUK",  39.3500,   49.2700,   -23.0,195804,    66, , ,R,099090
AJXLP325250,                     "ZYUD-OSTOV-KULTUK",  39.3500,   49.2700,   -23.0,195805,    24, , ,R,099090
AJXLP325250,                     "ZYUD-OSTOV-KULTUK",  39.3500,   49.2700,   -23.0,195806,    39, , ,R,099090
AJXLP325250,                     "ZYUD-OSTOV-KULTUK",  39.3500,   49.2700,   -23.0,195807,   206, , ,R,099090
AJXLP325250,                     "ZYUD-OSTOV-KULTUK",  39.3500,   49.2700,   -23.0,195808,    64, , ,R,099090
AJXLP325250,                     "ZYUD-OSTOV-KULTUK",  39.3500,   49.2700,   -23.0,195809,   124, , ,R,099090
AJXLP325250,                     "ZYUD-OSTOV-KULTUK",  39.3500,   49.2700,   -23.0,195810,   349, , ,R,099090
AJXLP325250,                     "ZYUD-OSTOV-KULTUK",  39.3500,   49.2700,   -23.0,195811,   421, , ,R,099090
AJXLP325250,                     "ZYUD-OSTOV-KULTUK",  39.3500,   49.2700,   -23.0,195812,   241, , ,R,099090
AJXLP325250,                     "ZYUD-OSTOV-KULTUK",  39.3500,   49.2700,   -23.0,195901,    10, , ,R,099090
AJXLP325250,                     "ZYUD-OSTOV-KULTUK",  39.3500,   49.2700,   -23.0,195902,   303, , ,R,099090
AJXLP325250,                     "ZYUD-OSTOV-KULTUK",  39.3500,   49.2700,   -23.0,195903,   305, , ,R,099090
AJXLP325250,                     "ZYUD-OSTOV-KULTUK",  39.3500,   49.2700,   -23.0,195904,    22, , ,R,099090
AJXLP325250,                     "ZYUD-OSTOV-KULTUK",  39.3500,   49.2700,   -23.0,195905,    81, , ,R,099090
AJXLP325250,                     "ZYUD-OSTOV-KULTUK",  39.3500,   49.2700,   -23.0,195906,    84, , ,R,099090
AJXLP325250,                     "ZYUD-OSTOV-KULTUK",  39.3500,   49.2700,   -23.0,195907,     0, , ,R,099090
AJXLP325250,                     "ZYUD-OSTOV-KULTUK",  39.3500,   49.2700,   -23.0,195908,     0, , ,R,099090
AJXLP325250,                     "ZYUD-OSTOV-KULTUK",  39.3500,   49.2700,   -23.0,195909,    21, , ,R,099090
AJXLP325250,                     "ZYUD-OSTOV-KULTUK",  39.3500,   49.2700,   -23.0,195910,   282, , ,R,099090
AJXLP325250,                     "ZYUD-OSTOV-KULTUK",  39.3500,   49.2700,   -23.0,195911,   887, , ,R,099090
AJXLP325250,                     "ZYUD-OSTOV-KULTUK",  39.3500,   49.2700,   -23.0,195912,   304, , ,R,099090
AJXLP325250,                     "ZYUD-OSTOV-KULTUK",  39.3500,   49.2700,   -23.0,196001,   102, , ,R,099090
AJXLP325250,                     "ZYUD-OSTOV-KULTUK",  39.3500,   49.2700,   -23.0,196002,   292, , ,R,099090
AJXLP325250,                     "ZYUD-OSTOV-KULTUK",  39.3500,   49.2700,   -23.0,196003,   337, , ,R,099090
AJXLP325250,                     "ZYUD-OSTOV-KULTUK",  39.3500,   49.2700,   -23.0,196004,   231, , ,R,099090
AJXLP325250,                     "ZYUD-OSTOV-KULTUK",  39.3500,   49.2700,   -23.0,196005,   235, , ,R,099090
AJXLP325250,                     "ZYUD-OSTOV-KULTUK",  39.3500,   49.2700,   -23.0,196006,    10, , ,R,099090
AJXLP325250,                     "ZYUD-OSTOV-KULTUK",  39.3500,   49.2700,   -23.0,196007,   227, , ,R,099090
AJXLP325250,                     "ZYUD-OSTOV-KULTUK",  39.3500,   49.2700,   -23.0,196008,     9, , ,R,099090
AJXLP325250,                     "ZYUD-OSTOV-KULTUK",  39.3500,   49.2700,   -23.0,196009,   193, , ,R,099090
AJXLP325250,                     "ZYUD-OSTOV-KULTUK",  39.3500,   49.2700,   -23.0,196010,   315, , ,R,099090
AJXLP325250,                     "ZYUD-OSTOV-KULTUK",  39.3500,   49.2700,   -23.0,196011,   120, , ,R,099090
AJXLP325250,                     "ZYUD-OSTOV-KULTUK",  39.3500,   49.2700,   -23.0,196104,   154, , ,R,099090
AJXLP325250,                     "ZYUD-OSTOV-KULTUK",  39.3500,   49.2700,   -23.0,196105,   140, , ,R,099090
AJXLP325250,                     "ZYUD-OSTOV-KULTUK",  39.3500,   49.2700,   -23.0,196106,   166, , ,R,099090
AJXLP325250,                     "ZYUD-OSTOV-KULTUK",  39.3500,   49.2700,   -23.0,196107,     0, , ,R,099090
AJXLP325250,                     "ZYUD-OSTOV-KULTUK",  39.3500,   49.2700,   -23.0,196108,     9, , ,R,099090
AJXLP325250,                     "ZYUD-OSTOV-KULTUK",  39.3500,   49.2700,   -23.0,196109,    10, , ,R,099090
AJXLP325250,                     "ZYUD-OSTOV-KULTUK",  39.3500,   49.2700,   -23.0,196110,   434, , ,R,099090
AJXLP325250,                     "ZYUD-OSTOV-KULTUK",  39.3500,   49.2700,   -23.0,196111,   160, , ,R,099090
AJXLP325250,                     "ZYUD-OSTOV-KULTUK",  39.3500,   49.2700,   -23.0,196112,    31, , ,R,099090
AJXLP325250,                     "ZYUD-OSTOV-KULTUK",  39.3500,   49.2700,   -23.0,196201,    31, , ,R,099090
AJXLP325250,                     "ZYUD-OSTOV-KULTUK",  39.3500,   49.2700,   -23.0,196202,   703, , ,R,099090
AJXLP325250,                     "ZYUD-OSTOV-KULTUK",  39.3500,   49.2700,   -23.0,196203,   159, , ,R,099090
AJXLP325250,                     "ZYUD-OSTOV-KULTUK",  39.3500,   49.2700,   -23.0,196204,   452, , ,R,099090
AJXLP325250,                     "ZYUD-OSTOV-KULTUK",  39.3500,   49.2700,   -23.0,196205,   173, , ,R,099090
AJXLP325250,                     "ZYUD-OSTOV-KULTUK",  39.3500,   49.2700,   -23.0,196206,    72, , ,R,099090
AJXLP325250,                     "ZYUD-OSTOV-KULTUK",  39.3500,   49.2700,   -23.0,196207,     0, , ,R,099090
AJXLP325250,                     "ZYUD-OSTOV-KULTUK",  39.3500,   49.2700,   -23.0,196208,   216, , ,R,099090
AJXLP325250,                     "ZYUD-OSTOV-KULTUK",  39.3500,   49.2700,   -23.0,196209,   163, , ,R,099090
AJXLP325250,                     "ZYUD-OSTOV-KULTUK",  39.3500,   49.2700,   -23.0,196210,   914, , ,R,099090
AJXLP325250,                     "ZYUD-OSTOV-KULTUK",  39.3500,   49.2700,   -23.0,196211,   789, , ,R,099090
AJXLP325250,                     "ZYUD-OSTOV-KULTUK",  39.3500,   49.2700,   -23.0,196212,   226, , ,R,099090
AJXLP325250,                     "ZYUD-OSTOV-KULTUK",  39.3500,   49.2700,   -23.0,196301,   140, , ,R,099090
AJXLP325250,                     "ZYUD-OSTOV-KULTUK",  39.3500,   49.2700,   -23.0,196302,   379, , ,R,099090
AJXLP325250,                     "ZYUD-OSTOV-KULTUK",  39.3500,   49.2700,   -23.0,196303,   148, , ,R,099090
AJXLP325250,                     "ZYUD-OSTOV-KULTUK",  39.3500,   49.2700,   -23.0,196304,   110, , ,R,099090
AJXLP325250,                     "ZYUD-OSTOV-KULTUK",  39.3500,   49.2700,   -23.0,196305,  1005, , ,R,099090
AJXLP325250,                     "ZYUD-OSTOV-KULTUK",  39.3500,   49.2700,   -23.0,196306,   188, , ,R,099090
AJXLP325250,                     "ZYUD-OSTOV-KULTUK",  39.3500,   49.2700,   -23.0,196307,     0, , ,R,099090
AJXLP325250,                     "ZYUD-OSTOV-KULTUK",  39.3500,   49.2700,   -23.0,196308,   368, , ,R,099090
AJXLP325250,                     "ZYUD-OSTOV-KULTUK",  39.3500,   49.2700,   -23.0,196309,    21, , ,R,099090
AJXLP325250,                     "ZYUD-OSTOV-KULTUK",  39.3500,   49.2700,   -23.0,196310,   137, , ,R,099090
AJXLP325250,                     "ZYUD-OSTOV-KULTUK",  39.3500,   49.2700,   -23.0,196311,   346, , ,R,099090
AJXLP325250,                     "ZYUD-OSTOV-KULTUK",  39.3500,   49.2700,   -23.0,196312,   433, , ,R,099090
AJXLP325250,                     "ZYUD-OSTOV-KULTUK",  39.3500,   49.2700,   -23.0,196401,   228, , ,R,099090
AJXLP325250,                     "ZYUD-OSTOV-KULTUK",  39.3500,   49.2700,   -23.0,196402,   194, , ,R,099090
AJXLP325250,                     "ZYUD-OSTOV-KULTUK",  39.3500,   49.2700,   -23.0,196403,   403, , ,R,099090
AJXLP325250,                     "ZYUD-OSTOV-KULTUK",  39.3500,   49.2700,   -23.0,196404,   363, , ,R,099090
AJXLP325250,                     "ZYUD-OSTOV-KULTUK",  39.3500,   49.2700,   -23.0,196405,    63, , ,R,099090
AJXLP325250,                     "ZYUD-OSTOV-KULTUK",  39.3500,   49.2700,   -23.0,196406,    20, , ,R,099090
AJXLP325250,                     "ZYUD-OSTOV-KULTUK",  39.3500,   49.2700,   -23.0,196407,    10, , ,R,099090
AJXLP325250,                     "ZYUD-OSTOV-KULTUK",  39.3500,   49.2700,   -23.0,196408,     0, , ,R,099090
AJXLP325250,                     "ZYUD-OSTOV-KULTUK",  39.3500,   49.2700,   -23.0,196409,    21, , ,R,099090
AJXLP325250,                     "ZYUD-OSTOV-KULTUK",  39.3500,   49.2700,   -23.0,196410,   159, , ,R,099090
AJXLP325250,                     "ZYUD-OSTOV-KULTUK",  39.3500,   49.2700,   -23.0,196411,   586, , ,R,099090
AJXLP325250,                     "ZYUD-OSTOV-KULTUK",  39.3500,   49.2700,   -23.0,196412,    66, , ,R,099090
AJXLP325250,                     "ZYUD-OSTOV-KULTUK",  39.3500,   49.2700,   -23.0,196501,   369, , ,R,099090
AJXLP325250,                     "ZYUD-OSTOV-KULTUK",  39.3500,   49.2700,   -23.0,196502,   140, , ,R,099090
AJXLP325250,                     "ZYUD-OSTOV-KULTUK",  39.3500,   49.2700,   -23.0,196503,   222, , ,R,099090
AJXLP325250,                     "ZYUD-OSTOV-KULTUK",  39.3500,   49.2700,   -23.0,196504,   319, , ,R,099090
AJXLP325250,                     "ZYUD-OSTOV-KULTUK",  39.3500,   49.2700,   -23.0,196505,   129, , ,R,099090
AJXLP325250,                     "ZYUD-OSTOV-KULTUK",  39.3500,   49.2700,   -23.0,196506,    20, , ,R,099090
AJXLP325250,                     "ZYUD-OSTOV-KULTUK",  39.3500,   49.2700,   -23.0,196507,    10, , ,R,099090
AJXLP325250,                     "ZYUD-OSTOV-KULTUK",  39.3500,   49.2700,   -23.0,196508,     0, , ,R,099090
AJXLP325250,                     "ZYUD-OSTOV-KULTUK",  39.3500,   49.2700,   -23.0,196509,   280, , ,R,099090
AJXLP325250,                     "ZYUD-OSTOV-KULTUK",  39.3500,   49.2700,   -23.0,196510,   657, , ,R,099090
AJXLP325250,                     "ZYUD-OSTOV-KULTUK",  39.3500,   49.2700,   -23.0,196511,    53, , ,R,099090
AJXLP325250,                     "ZYUD-OSTOV-KULTUK",  39.3500,   49.2700,   -23.0,196512,   172, , ,R,099090
AJXLP325250,                     "ZYUD-OSTOV-KULTUK",  39.3500,   49.2700,   -23.0,196601,   221, , ,R,099090
AJXLP325250,                     "ZYUD-OSTOV-KULTUK",  39.3500,   49.2700,   -23.0,196602,   309, , ,R,099090
AJXLP325250,                     "ZYUD-OSTOV-KULTUK",  39.3500,   49.2700,   -23.0,196603,   669, , ,R,099090
AJXLP325250,                     "ZYUD-OSTOV-KULTUK",  39.3500,   49.2700,   -23.0,196604,   818, , ,R,099090
AJXLP325250,                     "ZYUD-OSTOV-KULTUK",  39.3500,   49.2700,   -23.0,196605,   278, , ,R,099090
AJXLP325250,                     "ZYUD-OSTOV-KULTUK",  39.3500,   49.2700,   -23.0,196606,    30, , ,R,099090
AJXLP325250,                     "ZYUD-OSTOV-KULTUK",  39.3500,   49.2700,   -23.0,196607,    30, , ,R,099090
AJXLP325250,                     "ZYUD-OSTOV-KULTUK",  39.3500,   49.2700,   -23.0,196608,     2, , ,R,099090
AJXLP325250,                     "ZYUD-OSTOV-KULTUK",  39.3500,   49.2700,   -23.0,196609,   339, , ,R,099090
AJXLP325250,                     "ZYUD-OSTOV-KULTUK",  39.3500,   49.2700,   -23.0,196610,   119, , ,R,099090
AJXLP325250,                     "ZYUD-OSTOV-KULTUK",  39.3500,   49.2700,   -23.0,196611,   320, , ,R,099090
AJXLP325250,                     "ZYUD-OSTOV-KULTUK",  39.3500,   49.2700,   -23.0,196612,   579, , ,R,099090
AJXLP325250,                     "ZYUD-OSTOV-KULTUK",  39.3500,   49.2700,   -23.0,196701,    87, , ,R,099090
AJXLP325250,                     "ZYUD-OSTOV-KULTUK",  39.3500,   49.2700,   -23.0,196702,   216, , ,R,099090
AJXLP325250,                     "ZYUD-OSTOV-KULTUK",  39.3500,   49.2700,   -23.0,196703,   519, , ,R,099090
AJXLP325250,                     "ZYUD-OSTOV-KULTUK",  39.3500,   49.2700,   -23.0,196704,   517, , ,R,099090
AJXLP325250,                     "ZYUD-OSTOV-KULTUK",  39.3500,   49.2700,   -23.0,196705,   161, , ,R,099090
AJXLP325250,                     "ZYUD-OSTOV-KULTUK",  39.3500,   49.2700,   -23.0,196706,    52, , ,R,099090
AJXLP325250,                     "ZYUD-OSTOV-KULTUK",  39.3500,   49.2700,   -23.0,196707,    11, , ,R,099090
AJXLP325250,                     "ZYUD-OSTOV-KULTUK",  39.3500,   49.2700,   -23.0,196708,    10, , ,R,099090
AJXLP325250,                     "ZYUD-OSTOV-KULTUK",  39.3500,   49.2700,   -23.0,196709,   216, , ,R,099090
AJXLP325250,                     "ZYUD-OSTOV-KULTUK",  39.3500,   49.2700,   -23.0,196710,   275, , ,R,099090
AJXLP325250,                     "ZYUD-OSTOV-KULTUK",  39.3500,   49.2700,   -23.0,196711,   337, , ,R,099090
AJXLP325250,                     "ZYUD-OSTOV-KULTUK",  39.3500,   49.2700,   -23.0,196712,    22, , ,R,099090
AJXLP325250,                     "ZYUD-OSTOV-KULTUK",  39.3500,   49.2700,   -23.0,196801,    87, , ,R,099090
AJXLP325250,                     "ZYUD-OSTOV-KULTUK",  39.3500,   49.2700,   -23.0,196802,   108, , ,R,099090
AJXLP325250,                     "ZYUD-OSTOV-KULTUK",  39.3500,   49.2700,   -23.0,196803,    64, , ,R,099090
AJXLP325250,                     "ZYUD-OSTOV-KULTUK",  39.3500,   49.2700,   -23.0,196804,   231, , ,R,099090
AJXLP325250,                     "ZYUD-OSTOV-KULTUK",  39.3500,   49.2700,   -23.0,196805,   173, , ,R,099090
AJXLP325250,                     "ZYUD-OSTOV-KULTUK",  39.3500,   49.2700,   -23.0,196807,    97, , ,R,099090
AJXLP325250,                     "ZYUD-OSTOV-KULTUK",  39.3500,   49.2700,   -23.0,196808,     0, , ,R,099090
AJXLP325250,                     "ZYUD-OSTOV-KULTUK",  39.3500,   49.2700,   -23.0,196809,     0, , ,R,099090
AJXLP325250,                     "ZYUD-OSTOV-KULTUK",  39.3500,   49.2700,   -23.0,196810,   233, , ,R,099090
AJXLP325250,                     "ZYUD-OSTOV-KULTUK",  39.3500,   49.2700,   -23.0,196811,   907, , ,R,099090
AJXLP325250,                     "ZYUD-OSTOV-KULTUK",  39.3500,   49.2700,   -23.0,196812,   269, , ,R,099090
AJXLP325250,                     "ZYUD-OSTOV-KULTUK",  39.3500,   49.2700,   -23.0,196901,   151, , ,R,099090
AJXLP325250,                     "ZYUD-OSTOV-KULTUK",  39.3500,   49.2700,   -23.0,196902,     0, , ,R,099090
AJXLP325250,                     "ZYUD-OSTOV-KULTUK",  39.3500,   49.2700,   -23.0,196903,   572, , ,R,099090
AJXLP325250,                     "ZYUD-OSTOV-KULTUK",  39.3500,   49.2700,   -23.0,196904,   638, , ,R,099090
AJXLP325250,                     "ZYUD-OSTOV-KULTUK",  39.3500,   49.2700,   -23.0,196905,   324, , ,R,099090
AJXLP325250,                     "ZYUD-OSTOV-KULTUK",  39.3500,   49.2700,   -23.0,196906,   343, , ,R,099090
AJXLP325250,                     "ZYUD-OSTOV-KULTUK",  39.3500,   49.2700,   -23.0,196907,    22, , ,R,099090
AJXLP325250,                     "ZYUD-OSTOV-KULTUK",  39.3500,   49.2700,   -23.0,196908,     0, , ,R,099090
AJXLP325250,                     "ZYUD-OSTOV-KULTUK",  39.3500,   49.2700,   -23.0,196909,   778, , ,R,099090
AJXLP325250,                     "ZYUD-OSTOV-KULTUK",  39.3500,   49.2700,   -23.0,196910,   987, , ,R,099090
AJXLP325250,                     "ZYUD-OSTOV-KULTUK",  39.3500,   49.2700,   -23.0,196911,   248, , ,R,099090
AJXLP325250,                     "ZYUD-OSTOV-KULTUK",  39.3500,   49.2700,   -23.0,196912,   410, , ,R,099090
AJXLP325250,                     "ZYUD-OSTOV-KULTUK",  39.3500,   49.2700,   -23.0,197001,   216, , ,R,099090
AJXLP325250,                     "ZYUD-OSTOV-KULTUK",  39.3500,   49.2700,   -23.0,197002,   238, , ,R,099090
AJXLP325250,                     "ZYUD-OSTOV-KULTUK",  39.3500,   49.2700,   -23.0,197003,   127, , ,R,099090
AJXLP325250,                     "ZYUD-OSTOV-KULTUK",  39.3500,   49.2700,   -23.0,197004,   275, , ,R,099090
AJXLP325250,                     "ZYUD-OSTOV-KULTUK",  39.3500,   49.2700,   -23.0,197005,    43, , ,R,099090
AJXLP325250,                     "ZYUD-OSTOV-KULTUK",  39.3500,   49.2700,   -23.0,197006,   250, , ,R,099090
AJXLP325250,                     "ZYUD-OSTOV-KULTUK",  39.3500,   49.2700,   -23.0,197007,    22, , ,R,099090
AJXLP325250,                     "ZYUD-OSTOV-KULTUK",  39.3500,   49.2700,   -23.0,197008,    10, , ,R,099090
AJXLP325250,                     "ZYUD-OSTOV-KULTUK",  39.3500,   49.2700,   -23.0,197009,    11, , ,R,099090
AJXLP325250,                     "ZYUD-OSTOV-KULTUK",  39.3500,   49.2700,   -23.0,197010,    40, , ,R,099090
AJXLP325250,                     "ZYUD-OSTOV-KULTUK",  39.3500,   49.2700,   -23.0,197011,   173, , ,R,099090
AJXLP325250,                     "ZYUD-OSTOV-KULTUK",  39.3500,   49.2700,   -23.0,197012,   529, , ,R,099090
AJXLP325250,                     "ZYUD-OSTOV-KULTUK",  39.3500,   49.2700,   -23.0,197101,    76, , ,R,099090
AJXLP325250,                     "ZYUD-OSTOV-KULTUK",  39.3500,   49.2700,   -23.0,197102,    43, , ,R,099090
AJXLP325250,                     "ZYUD-OSTOV-KULTUK",  39.3500,   49.2700,   -23.0,197103,   233, , ,R,099090
AJXLP325250,                     "ZYUD-OSTOV-KULTUK",  39.3500,   49.2700,   -23.0,197104,    22, , ,R,099090
AJXLP325250,                     "ZYUD-OSTOV-KULTUK",  39.3500,   49.2700,   -23.0,197105,    22, , ,R,099090
AJXLP325250,                     "ZYUD-OSTOV-KULTUK",  39.3500,   49.2700,   -23.0,197106,    83, , ,R,099090
AJXLP325250,                     "ZYUD-OSTOV-KULTUK",  39.3500,   49.2700,   -23.0,197107,     0, , ,R,099090
AJXLP325250,                     "ZYUD-OSTOV-KULTUK",  39.3500,   49.2700,   -23.0,197108,     0, , ,R,099090
AJXLP325250,                     "ZYUD-OSTOV-KULTUK",  39.3500,   49.2700,   -23.0,197109,    11, , ,R,099090
AJXLP325250,                     "ZYUD-OSTOV-KULTUK",  39.3500,   49.2700,   -23.0,197110,   827, , ,R,099090
AJXLP325250,                     "ZYUD-OSTOV-KULTUK",  39.3500,   49.2700,   -23.0,197111,   356, , ,R,099090
AJXLP325250,                     "ZYUD-OSTOV-KULTUK",  39.3500,   49.2700,   -23.0,197112,   324, , ,R,099090
AJXLP325250,                     "ZYUD-OSTOV-KULTUK",  39.3500,   49.2700,   -23.0,197201,   205, , ,R,099090
AJXLP325250,                     "ZYUD-OSTOV-KULTUK",  39.3500,   49.2700,   -23.0,197202,   259, , ,R,099090
AJXLP325250,                     "ZYUD-OSTOV-KULTUK",  39.3500,   49.2700,   -23.0,197203,   329, , ,R,099090
AJXLP325250,                     "ZYUD-OSTOV-KULTUK",  39.3500,   49.2700,   -23.0,197204,    99, , ,R,099090
AJXLP325250,                     "ZYUD-OSTOV-KULTUK",  39.3500,   49.2700,   -23.0,197205,   616, , ,R,099090
AJXLP325250,                     "ZYUD-OSTOV-KULTUK",  39.3500,   49.2700,   -23.0,197206,     0, , ,R,099090
AJXLP325250,                     "ZYUD-OSTOV-KULTUK",  39.3500,   49.2700,   -23.0,197207,    11, , ,R,099090
AJXLP325250,                     "ZYUD-OSTOV-KULTUK",  39.3500,   49.2700,   -23.0,197208,    65, , ,R,099090
AJXLP325250,                     "ZYUD-OSTOV-KULTUK",  39.3500,   49.2700,   -23.0,197209,    97, , ,R,099090
AJXLP325250,                     "ZYUD-OSTOV-KULTUK",  39.3500,   49.2700,   -23.0,197210,   286, , ,R,099090
AJXLP325250,                     "ZYUD-OSTOV-KULTUK",  39.3500,   49.2700,   -23.0,197211,   313, , ,R,099090
AJXLP325250,                     "ZYUD-OSTOV-KULTUK",  39.3500,   49.2700,   -23.0,197212,   259, , ,R,099090
AJXLP325250,                     "ZYUD-OSTOV-KULTUK",  39.3500,   49.2700,   -23.0,197301,   313, , ,R,099090
AJXLP325250,                     "ZYUD-OSTOV-KULTUK",  39.3500,   49.2700,   -23.0,197302,   454, , ,R,099090
AJXLP325250,                     "ZYUD-OSTOV-KULTUK",  39.3500,   49.2700,   -23.0,197303,   339, , ,R,099090
AJXLP325250,                     "ZYUD-OSTOV-KULTUK",  39.3500,   49.2700,   -23.0,197304,   319, , ,R,099090
AJXLP325250,                     "ZYUD-OSTOV-KULTUK",  39.3500,   49.2700,   -23.0,197305,   443, , ,R,099090
AJXLP325250,                     "ZYUD-OSTOV-KULTUK",  39.3500,   49.2700,   -23.0,197306,    31, , ,R,099090
AJXLP325250,                     "ZYUD-OSTOV-KULTUK",  39.3500,   49.2700,   -23.0,197307,     0, , ,R,099090
AJXLP325250,                     "ZYUD-OSTOV-KULTUK",  39.3500,   49.2700,   -23.0,197308,     0, , ,R,099090
AJXLP325250,                     "ZYUD-OSTOV-KULTUK",  39.3500,   49.2700,   -23.0,197309,   119, , ,R,099090
AJXLP325250,                     "ZYUD-OSTOV-KULTUK",  39.3500,   49.2700,   -23.0,197310,     0, , ,R,099090
AJXLP325250,                     "ZYUD-OSTOV-KULTUK",  39.3500,   49.2700,   -23.0,197311,   475, , ,R,099090
AJXLP325250,                     "ZYUD-OSTOV-KULTUK",  39.3500,   49.2700,   -23.0,197312,   130, , ,R,099090
AJXLP325250,                     "ZYUD-OSTOV-KULTUK",  39.3500,   49.2700,   -23.0,197401,   734, , ,R,099090
AJXLP325250,                     "ZYUD-OSTOV-KULTUK",  39.3500,   49.2700,   -23.0,197402,   162, , ,R,099090
AJXLP325250,                     "ZYUD-OSTOV-KULTUK",  39.3500,   49.2700,   -23.0,197403,   498, , ,R,099090
AJXLP325250,                     "ZYUD-OSTOV-KULTUK",  39.3500,   49.2700,   -23.0,197404,   396, , ,R,099090
AJXLP325250,                     "ZYUD-OSTOV-KULTUK",  39.3500,   49.2700,   -23.0,197405,    54, , ,R,099090
AJXLP325250,                     "ZYUD-OSTOV-KULTUK",  39.3500,   49.2700,   -23.0,197406,    31, , ,R,099090
AJXLP325250,                     "ZYUD-OSTOV-KULTUK",  39.3500,   49.2700,   -23.0,197407,   140, , ,R,099090
AJXLP325250,                     "ZYUD-OSTOV-KULTUK",  39.3500,   49.2700,   -23.0,197408,    22, , ,R,099090
AJXLP325250,                     "ZYUD-OSTOV-KULTUK",  39.3500,   49.2700,   -23.0,197409,   173, , ,R,099090
AJXLP325250,                     "ZYUD-OSTOV-KULTUK",  39.3500,   49.2700,   -23.0,197410,     0, , ,R,099090
AJXLP325250,                     "ZYUD-OSTOV-KULTUK",  39.3500,   49.2700,   -23.0,197411,   994, , ,R,099090
AJXLP325250,                     "ZYUD-OSTOV-KULTUK",  39.3500,   49.2700,   -23.0,197412,   389, , ,R,099090
AJXLP325250,                     "ZYUD-OSTOV-KULTUK",  39.3500,   49.2700,   -23.0,197501,   378, , ,R,099090
AJXLP325250,                     "ZYUD-OSTOV-KULTUK",  39.3500,   49.2700,   -23.0,197502,   259, , ,R,099090
AJXLP325250,                     "ZYUD-OSTOV-KULTUK",  39.3500,   49.2700,   -23.0,197503,    32, , ,R,099090
AJXLP325250,                     "ZYUD-OSTOV-KULTUK",  39.3500,   49.2700,   -23.0,197504,    99, , ,R,099090
AJXLP325250,                     "ZYUD-OSTOV-KULTUK",  39.3500,   49.2700,   -23.0,197505,   356, , ,R,099090
AJXLP325250,                     "ZYUD-OSTOV-KULTUK",  39.3500,   49.2700,   -23.0,197506,    94, , ,R,099090
AJXLP325250,                     "ZYUD-OSTOV-KULTUK",  39.3500,   49.2700,   -23.0,197507,     0, , ,R,099090
AJXLP325250,                     "ZYUD-OSTOV-KULTUK",  39.3500,   49.2700,   -23.0,197508,     0, , ,R,099090
AJXLP325250,                     "ZYUD-OSTOV-KULTUK",  39.3500,   49.2700,   -23.0,197509,   551, , ,R,099090
AJXLP325250,                     "ZYUD-OSTOV-KULTUK",  39.3500,   49.2700,   -23.0,197510,   413, , ,R,099090
AJXLP325250,                     "ZYUD-OSTOV-KULTUK",  39.3500,   49.2700,   -23.0,197511,   281, , ,R,099090
AJXLP325250,                     "ZYUD-OSTOV-KULTUK",  39.3500,   49.2700,   -23.0,197512,   162, , ,R,099090
AJXLP325250,                     "ZYUD-OSTOV-KULTUK",  39.3500,   49.2700,   -23.0,197601,   248, , ,R,099090
AJXLP325250,                     "ZYUD-OSTOV-KULTUK",  39.3500,   49.2700,   -23.0,197602,   216, , ,R,099090
AJXLP325250,                     "ZYUD-OSTOV-KULTUK",  39.3500,   49.2700,   -23.0,197603,   127, , ,R,099090
AJXLP325250,                     "ZYUD-OSTOV-KULTUK",  39.3500,   49.2700,   -23.0,197604,   484, , ,R,099090
AJXLP325250,                     "ZYUD-OSTOV-KULTUK",  39.3500,   49.2700,   -23.0,197605,   292, , ,R,099090
AJXLP325250,                     "ZYUD-OSTOV-KULTUK",  39.3500,   49.2700,   -23.0,197606,    10, , ,R,099090
AJXLP325250,                     "ZYUD-OSTOV-KULTUK",  39.3500,   49.2700,   -23.0,197607,     0, , ,R,099090
AJXLP325250,                     "ZYUD-OSTOV-KULTUK",  39.3500,   49.2700,   -23.0,197608,     0, , ,R,099090
AJXLP325250,                     "ZYUD-OSTOV-KULTUK",  39.3500,   49.2700,   -23.0,197609,   454, , ,R,099090
AJXLP325250,                     "ZYUD-OSTOV-KULTUK",  39.3500,   49.2700,   -23.0,197610,   933, , ,R,099090
AJXLP325250,                     "ZYUD-OSTOV-KULTUK",  39.3500,   49.2700,   -23.0,197611,   356, , ,R,099090
AJXLP325250,                     "ZYUD-OSTOV-KULTUK",  39.3500,   49.2700,   -23.0,197612,   346, , ,R,099090
AJXLP325250,                     "ZYUD-OSTOV-KULTUK",  39.3500,   49.2700,   -23.0,197701,   616, , ,R,099090
AJXLP325250,                     "ZYUD-OSTOV-KULTUK",  39.3500,   49.2700,   -23.0,197702,    86, , ,R,099090
AJXLP325250,                     "ZYUD-OSTOV-KULTUK",  39.3500,   49.2700,   -23.0,197703,   350, , ,R,099090
AJXLP325250,                     "ZYUD-OSTOV-KULTUK",  39.3500,   49.2700,   -23.0,197704,   484, , ,R,099090
AJXLP325250,                     "ZYUD-OSTOV-KULTUK",  39.3500,   49.2700,   -23.0,197705,   400, , ,R,099090
AJXLP325250,                     "ZYUD-OSTOV-KULTUK",  39.3500,   49.2700,   -23.0,197706,    10, , ,R,099090
AJXLP325250,                     "ZYUD-OSTOV-KULTUK",  39.3500,   49.2700,   -23.0,197707,    22, , ,R,099090
AJXLP325250,                     "ZYUD-OSTOV-KULTUK",  39.3500,   49.2700,   -23.0,197708,   270, , ,R,099090
AJXLP325250,                     "ZYUD-OSTOV-KULTUK",  39.3500,   49.2700,   -23.0,197709,    22, , ,R,099090
AJXLP325250,                     "ZYUD-OSTOV-KULTUK",  39.3500,   49.2700,   -23.0,197710,   392, , ,R,099090
AJXLP325250,                     "ZYUD-OSTOV-KULTUK",  39.3500,   49.2700,   -23.0,197711,   670, , ,R,099090
AJXLP325250,                     "ZYUD-OSTOV-KULTUK",  39.3500,   49.2700,   -23.0,197712,   432, , ,R,099090
AJXLP325250,                     "ZYUD-OSTOV-KULTUK",  39.3500,   49.2700,   -23.0,197802,   259, , ,R,099090
AJXLP325250,                     "ZYUD-OSTOV-KULTUK",  39.3500,   49.2700,   -23.0,197803,    85, , ,R,099090
AJXLP325250,                     "ZYUD-OSTOV-KULTUK",  39.3500,   49.2700,   -23.0,197804,   165, , ,R,099090
AJXLP325250,                     "ZYUD-OSTOV-KULTUK",  39.3500,   49.2700,   -23.0,197805,   400, , ,R,099090
AJXLP325250,                     "ZYUD-OSTOV-KULTUK",  39.3500,   49.2700,   -23.0,197806,   146, , ,R,099090
AJXLP325250,                     "ZYUD-OSTOV-KULTUK",  39.3500,   49.2700,   -23.0,197807,     0, , ,R,099090
AJXLP325250,                     "ZYUD-OSTOV-KULTUK",  39.3500,   49.2700,   -23.0,197808,     0, , ,R,099090
AJXLP325250,                     "ZYUD-OSTOV-KULTUK",  39.3500,   49.2700,   -23.0,197809,     0, , ,R,099090
AJXLP325250,                     "ZYUD-OSTOV-KULTUK",  39.3500,   49.2700,   -23.0,197810,   223, , ,R,099090
AJXLP325250,                     "ZYUD-OSTOV-KULTUK",  39.3500,   49.2700,   -23.0,197811,  1166, , ,R,099090
AJXLP325250,                     "ZYUD-OSTOV-KULTUK",  39.3500,   49.2700,   -23.0,197812,   324, , ,R,099090
AJXLP325250,                     "ZYUD-OSTOV-KULTUK",  39.3500,   49.2700,   -23.0,197901,   227, , ,R,099090
AJXLP325250,                     "ZYUD-OSTOV-KULTUK",  39.3500,   49.2700,   -23.0,197902,   583, , ,R,099090
AJXLP325250,                     "ZYUD-OSTOV-KULTUK",  39.3500,   49.2700,   -23.0,197903,   413, , ,R,099090
AJXLP325250,                     "ZYUD-OSTOV-KULTUK",  39.3500,   49.2700,   -23.0,197904,   264, , ,R,099090
AJXLP325250,                     "ZYUD-OSTOV-KULTUK",  39.3500,   49.2700,   -23.0,197905,   248, , ,R,099090
AJXLP325250,                     "ZYUD-OSTOV-KULTUK",  39.3500,   49.2700,   -23.0,197906,   198, , ,R,099090
AJXLP325250,                     "ZYUD-OSTOV-KULTUK",  39.3500,   49.2700,   -23.0,197907,    11, , ,R,099090
AJXLP325250,                     "ZYUD-OSTOV-KULTUK",  39.3500,   49.2700,   -23.0,197908,     0, , ,R,099090
AJXLP325250,                     "ZYUD-OSTOV-KULTUK",  39.3500,   49.2700,   -23.0,197909,     0, , ,R,099090
AJXLP325250,                     "ZYUD-OSTOV-KULTUK",  39.3500,   49.2700,   -23.0,197910,   509, , ,R,099090
AJXLP325250,                     "ZYUD-OSTOV-KULTUK",  39.3500,   49.2700,   -23.0,197911,   205, , ,R,099090
AJXLP325250,                     "ZYUD-OSTOV-KULTUK",  39.3500,   49.2700,   -23.0,197912,   140, , ,R,099090
AJXLP325250,                     "ZYUD-OSTOV-KULTUK",  39.3500,   49.2700,   -23.0,198001,   130, , ,R,099090
AJXLP325250,                     "ZYUD-OSTOV-KULTUK",  39.3500,   49.2700,   -23.0,198002,   346, , ,R,099090
AJXLP325250,                     "ZYUD-OSTOV-KULTUK",  39.3500,   49.2700,   -23.0,198003,   286, , ,R,099090
AJXLP325250,                     "ZYUD-OSTOV-KULTUK",  39.3500,   49.2700,   -23.0,198004,   561, , ,R,099090
AJXLP325250,                     "ZYUD-OSTOV-KULTUK",  39.3500,   49.2700,   -23.0,198005,   572, , ,R,099090
AJXLP325250,                     "ZYUD-OSTOV-KULTUK",  39.3500,   49.2700,   -23.0,198006,     0, , ,R,099090
AJXLP325250,                     "ZYUD-OSTOV-KULTUK",  39.3500,   49.2700,   -23.0,198007,     0, , ,R,099090
AJXLP325250,                     "ZYUD-OSTOV-KULTUK",  39.3500,   49.2700,   -23.0,198008,     0, , ,R,099090
AJXLP325250,                     "ZYUD-OSTOV-KULTUK",  39.3500,   49.2700,   -23.0,198009,   637, , ,R,099090
AJXLP325250,                     "ZYUD-OSTOV-KULTUK",  39.3500,   49.2700,   -23.0,198010,   753, , ,R,099090
AJXLP325250,                     "ZYUD-OSTOV-KULTUK",  39.3500,   49.2700,   -23.0,198011,   281, , ,R,099090
AJXLP325250,                     "ZYUD-OSTOV-KULTUK",  39.3500,   49.2700,   -23.0,198012,   540, , ,R,099090
AJXLP325250,                     "ZYUD-OSTOV-KULTUK",  39.3500,   49.2700,   -23.0,198101,    65, , ,R,099090
AJXLP325250,                     "ZYUD-OSTOV-KULTUK",  39.3500,   49.2700,   -23.0,198102,   302, , ,R,099090
AJXLP325250,                     "ZYUD-OSTOV-KULTUK",  39.3500,   49.2700,   -23.0,198103,   498, , ,R,099090
AJXLP325250,                     "ZYUD-OSTOV-KULTUK",  39.3500,   49.2700,   -23.0,198104,   451, , ,R,099090
AJXLP325250,                     "ZYUD-OSTOV-KULTUK",  39.3500,   49.2700,   -23.0,198105,   302, , ,R,099090
AJXLP325250,                     "ZYUD-OSTOV-KULTUK",  39.3500,   49.2700,   -23.0,198106,   229, , ,R,099090
AJXLP325250,                     "ZYUD-OSTOV-KULTUK",  39.3500,   49.2700,   -23.0,198107,     0, , ,R,099090
AJXLP325250,                     "ZYUD-OSTOV-KULTUK",  39.3500,   49.2700,   -23.0,198108,   324, , ,R,099090
AJXLP325250,                     "ZYUD-OSTOV-KULTUK",  39.3500,   49.2700,   -23.0,198109,    11, , ,R,099090
AJXLP325250,                     "ZYUD-OSTOV-KULTUK",  39.3500,   49.2700,   -23.0,198111,   842, , ,R,099090
AJXLP325250,                     "ZYUD-OSTOV-KULTUK",  39.3500,   49.2700,   -23.0,198112,   346, , ,R,099090
AJXLP325250,                     "ZYUD-OSTOV-KULTUK",  39.3500,   49.2700,   -23.0,198201,   216, , ,R,099090
AJXLP325250,                     "ZYUD-OSTOV-KULTUK",  39.3500,   49.2700,   -23.0,198202,   346, , ,R,099090
AJXLP325250,                     "ZYUD-OSTOV-KULTUK",  39.3500,   49.2700,   -23.0,198203,   403, , ,R,099090
AJXLP325250,                     "ZYUD-OSTOV-KULTUK",  39.3500,   49.2700,   -23.0,198204,   132, , ,R,099090
AJXLP325250,                     "ZYUD-OSTOV-KULTUK",  39.3500,   49.2700,   -23.0,198205,   151, , ,R,099090
AJXLP325250,                     "ZYUD-OSTOV-KULTUK",  39.3500,   49.2700,   -23.0,198206,   281, , ,R,099090
AJXLP325250,                     "ZYUD-OSTOV-KULTUK",  39.3500,   49.2700,   -23.0,198207,    32, , ,R,099090
AJXLP325250,                     "ZYUD-OSTOV-KULTUK",  39.3500,   49.2700,   -23.0,198208,    22, , ,R,099090
AJXLP325250,                     "ZYUD-OSTOV-KULTUK",  39.3500,   49.2700,   -23.0,198209,  1177, , ,R,099090
AJXLP325250,                     "ZYUD-OSTOV-KULTUK",  39.3500,   49.2700,   -23.0,198210,   159, , ,R,099090
AJXLP325250,                     "ZYUD-OSTOV-KULTUK",  39.3500,   49.2700,   -23.0,198211,   119, , ,R,099090
AJXLP325250,                     "ZYUD-OSTOV-KULTUK",  39.3500,   49.2700,   -23.0,198212,    11, , ,R,099090
AJXLP325250,                     "ZYUD-OSTOV-KULTUK",  39.3500,   49.2700,   -23.0,198301,   281, , ,R,099090
AJXLP325250,                     "ZYUD-OSTOV-KULTUK",  39.3500,   49.2700,   -23.0,198302,    11, , ,R,099090
AJXLP325250,                     "ZYUD-OSTOV-KULTUK",  39.3500,   49.2700,   -23.0,198303,    53, , ,R,099090
AJXLP325250,                     "ZYUD-OSTOV-KULTUK",  39.3500,   49.2700,   -23.0,198304,   297, , ,R,099090
AJXLP325250,                     "ZYUD-OSTOV-KULTUK",  39.3500,   49.2700,   -23.0,198305,    11, , ,R,099090
AJXLP325250,                     "ZYUD-OSTOV-KULTUK",  39.3500,   49.2700,   -23.0,198306,    31, , ,R,099090
AJXLP325250,                     "ZYUD-OSTOV-KULTUK",  39.3500,   49.2700,   -23.0,198307,    11, , ,R,099090
AJXLP325250,                     "ZYUD-OSTOV-KULTUK",  39.3500,   49.2700,   -23.0,198309,    76, , ,R,099090
AJXLP325250,                     "ZYUD-OSTOV-KULTUK",  39.3500,   49.2700,   -23.0,198310,    74, , ,R,099090
AJXLP325250,                     "ZYUD-OSTOV-KULTUK",  39.3500,   49.2700,   -23.0,198311,   162, , ,R,099090
AJXLP325250,                     "ZYUD-OSTOV-KULTUK",  39.3500,   49.2700,   -23.0,198312,   151, , ,R,099090
AJXLP325250,                     "ZYUD-OSTOV-KULTUK",  39.3500,   49.2700,   -23.0,198408,    54, , ,R,099090
AJXLP325250,                     "ZYUD-OSTOV-KULTUK",  39.3500,   49.2700,   -23.0,198501,   268, , ,R,099090
AJXLP325250,                     "ZYUD-OSTOV-KULTUK",  39.3500,   49.2700,   -23.0,198502,   435, , ,R,099090
AJXLP325250,                     "ZYUD-OSTOV-KULTUK",  39.3500,   49.2700,   -23.0,198503,   143, , ,R,099090
AJXLP325250,                     "ZYUD-OSTOV-KULTUK",  39.3500,   49.2700,   -23.0,198504,   166, , ,R,099090
AJXLP325250,                     "ZYUD-OSTOV-KULTUK",  39.3500,   49.2700,   -23.0,198505,    69, , ,R,099090
AJXLP325250,                     "ZYUD-OSTOV-KULTUK",  39.3500,   49.2700,   -23.0,198507,   168, , ,R,099090
AJXLP325250,                     "ZYUD-OSTOV-KULTUK",  39.3500,   49.2700,   -23.0,198508,     7, , ,R,099090
AJXLP325250,                     "ZYUD-OSTOV-KULTUK",  39.3500,   49.2700,   -23.0,198509,   140, , ,R,099090
AJXLP325250,                     "ZYUD-OSTOV-KULTUK",  39.3500,   49.2700,   -23.0,198510,   233, , ,R,099090
AJXLP325250,                     "ZYUD-OSTOV-KULTUK",  39.3500,   49.2700,   -23.0,198511,   441, , ,R,099090
AJXLP325250,                     "ZYUD-OSTOV-KULTUK",  39.3500,   49.2700,   -23.0,198512,   313, , ,R,099090
AJXLP325250,                     "ZYUD-OSTOV-KULTUK",  39.3500,   49.2700,   -23.0,198601,   353, , ,R,099090
AJXLP325250,                     "ZYUD-OSTOV-KULTUK",  39.3500,   49.2700,   -23.0,198602,   448, , ,R,099090
AJXLP325250,                     "ZYUD-OSTOV-KULTUK",  39.3500,   49.2700,   -23.0,198603,    96, , ,R,099090
AJXLP325250,                     "ZYUD-OSTOV-KULTUK",  39.3500,   49.2700,   -23.0,198604,   140, , ,R,099090
AJXLP325250,                     "ZYUD-OSTOV-KULTUK",  39.3500,   49.2700,   -23.0,198605,    56, , ,R,099090
AJXLP325250,                     "ZYUD-OSTOV-KULTUK",  39.3500,   49.2700,   -23.0,198606,    75, , ,R,099090
AJXLP325250,                     "ZYUD-OSTOV-KULTUK",  39.3500,   49.2700,   -23.0,198607,     6, , ,R,099090
AJXLP325250,                     "ZYUD-OSTOV-KULTUK",  39.3500,   49.2700,   -23.0,198608,     6, , ,R,099090
AJXLP325250,                     "ZYUD-OSTOV-KULTUK",  39.3500,   49.2700,   -23.0,198609,   215, , ,R,099090
AJXLP325250,                     "ZYUD-OSTOV-KULTUK",  39.3500,   49.2700,   -23.0,198610,   525, , ,R,099090
AJXLP325250,                     "ZYUD-OSTOV-KULTUK",  39.3500,   49.2700,   -23.0,198611,   778, , ,R,099090
AJXLP325250,                     "ZYUD-OSTOV-KULTUK",  39.3500,   49.2700,   -23.0,198612,   159, , ,R,099090
AJXLP325250,                     "ZYUD-OSTOV-KULTUK",  39.3500,   49.2700,   -23.0,198701,    56, , ,R,099090
AJXLP325250,                     "ZYUD-OSTOV-KULTUK",  39.3500,   49.2700,   -23.0,198702,   154, , ,R,099090
AJXLP325250,                     "ZYUD-OSTOV-KULTUK",  39.3500,   49.2700,   -23.0,198703,   978, , ,R,099090
AJXLP325250,                     "ZYUD-OSTOV-KULTUK",  39.3500,   49.2700,   -23.0,198704,    61, , ,R,099090
AJXLP325250,                     "ZYUD-OSTOV-KULTUK",  39.3500,   49.2700,   -23.0,198705,     8, , ,R,099090
AJXLP325250,                     "ZYUD-OSTOV-KULTUK",  39.3500,   49.2700,   -23.0,198706,     4, , ,R,099090
AJXLP325250,                     "ZYUD-OSTOV-KULTUK",  39.3500,   49.2700,   -23.0,198707,    48, , ,R,099090
AJXLP325250,                     "ZYUD-OSTOV-KULTUK",  39.3500,   49.2700,   -23.0,198708,   146, , ,R,099090
AJXLP325250,                     "ZYUD-OSTOV-KULTUK",  39.3500,   49.2700,   -23.0,198709,   189, , ,R,099090
AJXLP325250,                     "ZYUD-OSTOV-KULTUK",  39.3500,   49.2700,   -23.0,198710,  1241, , ,R,099090
AJXLP325250,                     "ZYUD-OSTOV-KULTUK",  39.3500,   49.2700,   -23.0,198711,    99, , ,R,099090
AJXLP325250,                     "ZYUD-OSTOV-KULTUK",  39.3500,   49.2700,   -23.0,198712,   373, , ,R,099090
AJXLP325250,                     "ZYUD-OSTOV-KULTUK",  39.3500,   49.2700,   -23.0,198801,   296, , ,R,099090
AJXLP325250,                     "ZYUD-OSTOV-KULTUK",  39.3500,   49.2700,   -23.0,198802,   222, , ,R,099090
AJXLP325250,                     "ZYUD-OSTOV-KULTUK",  39.3500,   49.2700,   -23.0,198803,   646, , ,R,099090
AJXLP325250,                     "ZYUD-OSTOV-KULTUK",  39.3500,   49.2700,   -23.0,198804,   573, , ,R,099090
AJXLP325250,                     "ZYUD-OSTOV-KULTUK",  39.3500,   49.2700,   -23.0,198805,   138, , ,R,099090
AJXLP325250,                     "ZYUD-OSTOV-KULTUK",  39.3500,   49.2700,   -23.0,198806,   383, , ,R,099090
AJXLP325250,                     "ZYUD-OSTOV-KULTUK",  39.3500,   49.2700,   -23.0,198807,    50, , ,R,099090
AJXLP325250,                     "ZYUD-OSTOV-KULTUK",  39.3500,   49.2700,   -23.0,198808,   144, , ,R,099090
AJXLP325250,                     "ZYUD-OSTOV-KULTUK",  39.3500,   49.2700,   -23.0,198809,    20, , ,R,099090
AJXLP325250,                     "ZYUD-OSTOV-KULTUK",  39.3500,   49.2700,   -23.0,198810,   324, , ,R,099090
AJXLP325250,                     "ZYUD-OSTOV-KULTUK",  39.3500,   49.2700,   -23.0,198811,   912, , ,R,099090
AJXLP325250,                     "ZYUD-OSTOV-KULTUK",  39.3500,   49.2700,   -23.0,198812,   486, , ,R,099090
AJXLP325250,                     "ZYUD-OSTOV-KULTUK",  39.3500,   49.2700,   -23.0,198901,   235, , ,R,099090
AJXLP325250,                     "ZYUD-OSTOV-KULTUK",  39.3500,   49.2700,   -23.0,198902,   220, , ,R,099090
AJXLP325250,                     "ZYUD-OSTOV-KULTUK",  39.3500,   49.2700,   -23.0,198903,   219, , ,R,099090
AJXLP325250,                     "ZYUD-OSTOV-KULTUK",  39.3500,   49.2700,   -23.0,198904,   103, , ,R,099090
AJXLP325250,                     "ZYUD-OSTOV-KULTUK",  39.3500,   49.2700,   -23.0,198905,    95, , ,R,099090
AJXLP325250,                     "ZYUD-OSTOV-KULTUK",  39.3500,   49.2700,   -23.0,198906,     0, , ,R,099090
AJXLP325250,                     "ZYUD-OSTOV-KULTUK",  39.3500,   49.2700,   -23.0,198907,     0, , ,R,099090
AJXLP325250,                     "ZYUD-OSTOV-KULTUK",  39.3500,   49.2700,   -23.0,198908,    44, , ,R,099090
AJXLP325250,                     "ZYUD-OSTOV-KULTUK",  39.3500,   49.2700,   -23.0,198909,   258, , ,R,099090
AJXLP325250,                     "ZYUD-OSTOV-KULTUK",  39.3500,   49.2700,   -23.0,198910,   791, , ,R,099090
AJXLP325250,                     "ZYUD-OSTOV-KULTUK",  39.3500,   49.2700,   -23.0,198911,   163, , ,R,099090
AJXLP325250,                     "ZYUD-OSTOV-KULTUK",  39.3500,   49.2700,   -23.0,198912,   168, , ,R,099090
AJXLP325250,                     "ZYUD-OSTOV-KULTUK",  39.3500,   49.2700,   -23.0,199001,   633, , ,R,099090
AJXLP325250,                     "ZYUD-OSTOV-KULTUK",  39.3500,   49.2700,   -23.0,199002,   165, , ,R,099090
AJXLP325250,                     "ZYUD-OSTOV-KULTUK",  39.3500,   49.2700,   -23.0,199003,   316, , ,R,099090
AJXLP325250,                     "ZYUD-OSTOV-KULTUK",  39.3500,   49.2700,   -23.0,199004,   549, , ,R,099090
AJXLP325250,                     "ZYUD-OSTOV-KULTUK",  39.3500,   49.2700,   -23.0,199005,   191, , ,R,099090
AJXLP325250,                     "ZYUD-OSTOV-KULTUK",  39.3500,   49.2700,   -23.0,199006,    22, , ,R,099090
AJXLP325250,                     "ZYUD-OSTOV-KULTUK",  39.3500,   49.2700,   -23.0,199007,     0, , ,R,099090
AJXLP325250,                     "ZYUD-OSTOV-KULTUK",  39.3500,   49.2700,   -23.0,199008,     0, , ,R,099090
AJXLP325250,                     "ZYUD-OSTOV-KULTUK",  39.3500,   49.2700,   -23.0,199009,     0, , ,R,099090
AJXLP325250,                     "ZYUD-OSTOV-KULTUK",  39.3500,   49.2700,   -23.0,199010,   479, , ,R,099090
AJXLP325250,                     "ZYUD-OSTOV-KULTUK",  39.3500,   49.2700,   -23.0,199011,   382, , ,R,099090
AJXLP325250,                     "ZYUD-OSTOV-KULTUK",  39.3500,   49.2700,   -23.0,199012,   521, , ,R,099090
