ALE00100939,                                "TIRANA",  41.3331,   19.7831,    89.0,194608,   648, , ,D,000157
ALE00100939,                                "TIRANA",  41.3331,   19.7831,    89.0,194609,     4, , ,D,000157
ALE00100939,                                "TIRANA",  41.3331,   19.7831,    89.0,194610,  5014, , ,D,000157
ALE00100939,                                "TIRANA",  41.3331,   19.7831,    89.0,194611,  1817, , ,D,000157
ALE00100939,                                "TIRANA",  41.3331,   19.7831,    89.0,194612,  1372, , ,D,000157
ALE00100939,                                "TIRANA",  41.3331,   19.7831,    89.0,194701,  1516, , ,D,000157
ALE00100939,                                "TIRANA",  41.3331,   19.7831,    89.0,194702,  1853, , ,D,000157
ALE00100939,                                "TIRANA",  41.3331,   19.7831,    89.0,194703,  1088, , ,D,000157
ALE00100939,                                "TIRANA",  41.3331,   19.7831,    89.0,194704,   210, , ,D,000157
ALE00100939,                                "TIRANA",  41.3331,   19.7831,    89.0,194705,  2795, , ,D,000157
ALE00100939,                                "TIRANA",  41.3331,   19.7831,    89.0,194706,   100, , ,D,000157
ALE00100939,                                "TIRANA",  41.3331,   19.7831,    89.0,194707,   732, , ,D,000157
ALE00100939,                                "TIRANA",  41.3331,   19.7831,    89.0,194708,  1966, , ,D,000157
ALE00100939,                                "TIRANA",  41.3331,   19.7831,    89.0,194709,  1213, , ,D,000157
ALE00100939,                                "TIRANA",  41.3331,   19.7831,    89.0,194710,   913, , ,D,000157
ALE00100939,                                "TIRANA",  41.3331,   19.7831,    89.0,194711,   689, , ,D,000157
ALE00100939,                                "TIRANA",  41.3331,   19.7831,    89.0,194712,  1956, , ,D,000157
ALE00100939,                                "TIRANA",  41.3331,   19.7831,    89.0,194801,  1152, , ,D,000157
ALE00100939,                                "TIRANA",  41.3331,   19.7831,    89.0,194802,   419, , ,D,000157
ALE00100939,                                "TIRANA",  41.3331,   19.7831,    89.0,194803,    41, , ,D,000157
ALE00100939,                                "TIRANA",  41.3331,   19.7831,    89.0,194804,   484, , ,D,000157
ALE00100939,                                "TIRANA",  41.3331,   19.7831,    89.0,194805,   484, , ,D,000157
ALE00100939,                                "TIRANA",  41.3331,   19.7831,    89.0,194806,  1383, , ,D,000157
ALE00100939,                                "TIRANA",  41.3331,   19.7831,    89.0,194807,   904, , ,D,000157
ALE00100939,                                "TIRANA",  41.3331,   19.7831,    89.0,194808,   130, , ,D,000157
ALE00100939,                                "TIRANA",  41.3331,   19.7831,    89.0,194809,   134, , ,D,000157
ALE00100939,                                "TIRANA",  41.3331,   19.7831,    89.0,194810,  1845, , ,D,000157
ALE00100939,                                "TIRANA",  41.3331,   19.7831,    89.0,194811,   855, , ,D,000157
ALE00100939,                                "TIRANA",  41.3331,   19.7831,    89.0,194812,    32, , ,D,000157
ALE00100939,                                "TIRANA",  41.3331,   19.7831,    89.0,194901,   499, , ,D,000157
ALE00100939,                                "TIRANA",  41.3331,   19.7831,    89.0,194902,   310, , ,D,000157
ALE00100939,                                "TIRANA",  41.3331,   19.7831,    89.0,194903,  1741, , ,D,000157
ALE00100939,                                "TIRANA",  41.3331,   19.7831,    89.0,194904,   218, , ,D,000157
ALE00100939,                                "TIRANA",  41.3331,   19.7831,    89.0,194905,   629, , ,D,000157
ALE00100939,                                "TIRANA",  41.3331,   19.7831,    89.0,194906,   628, , ,D,000157
ALE00100939,                                "TIRANA",  41.3331,   19.7831,    89.0,194907,   336, , ,D,000157
ALE00100939,                                "TIRANA",  41.3331,   19.7831,    89.0,194908,   728, , ,D,000157
ALE00100939,                                "TIRANA",  41.3331,   19.7831,    89.0,194909,   836, , ,D,000157
ALE00100939,                                "TIRANA",  41.3331,   19.7831,    89.0,194910,  1367, , ,D,000157
ALE00100939,                                "TIRANA",  41.3331,   19.7831,    89.0,194911,  2640, , ,D,000157
ALE00100939,                                "TIRANA",  41.3331,   19.7831,    89.0,194912,  1759, , ,D,000157
ALE00100939,                                "TIRANA",  41.3331,   19.7831,    89.0,195001,  1127, , ,D,000157
ALE00100939,                                "TIRANA",  41.3331,   19.7831,    89.0,195002,   738, , ,D,000157
ALE00100939,                                "TIRANA",  41.3331,   19.7831,    89.0,195003,   465, , ,D,000157
ALE00100939,                                "TIRANA",  41.3331,   19.7831,    89.0,195004,   703, , ,D,000157
ALE00100939,                                "TIRANA",  41.3331,   19.7831,    89.0,195005,   250, , ,D,000157
ALE00100939,                                "TIRANA",  41.3331,   19.7831,    89.0,195006,   528, , ,D,000157
ALE00100939,                                "TIRANA",  41.3331,   19.7831,    89.0,195007,    46, , ,D,000157
ALE00100939,                                "TIRANA",  41.3331,   19.7831,    89.0,195008,   195, , ,D,000157
ALE00100939,                                "TIRANA",  41.3331,   19.7831,    89.0,195009,  1128, , ,D,000157
ALE00100939,                                "TIRANA",  41.3331,   19.7831,    89.0,195010,  1857, , ,D,000157
ALE00100939,                                "TIRANA",  41.3331,   19.7831,    89.0,195011,  1945, , ,D,000157
ALE00100939,                                "TIRANA",  41.3331,   19.7831,    89.0,195012,  2573, , ,D,000157
ALE00100939,                                "TIRANA",  41.3331,   19.7831,    89.0,195101,   468, , ,D,000157
ALE00100939,                                "TIRANA",  41.3331,   19.7831,    89.0,195102,  1462, , ,D,000157
ALE00100939,                                "TIRANA",  41.3331,   19.7831,    89.0,195103,   942, , ,D,000157
ALE00100939,                                "TIRANA",  41.3331,   19.7831,    89.0,195104,  1045, , ,D,000157
ALE00100939,                                "TIRANA",  41.3331,   19.7831,    89.0,195105,  1510, , ,D,000157
ALE00100939,                                "TIRANA",  41.3331,   19.7831,    89.0,195106,   584, , ,D,000157
ALE00100939,                                "TIRANA",  41.3331,   19.7831,    89.0,195107,     6, , ,D,000157
ALE00100939,                                "TIRANA",  41.3331,   19.7831,    89.0,195108,   347, , ,D,000157
ALE00100939,                                "TIRANA",  41.3331,   19.7831,    89.0,195109,  1321, , ,D,000157
ALE00100939,                                "TIRANA",  41.3331,   19.7831,    89.0,195110,  1429, , ,D,000157
ALE00100939,                                "TIRANA",  41.3331,   19.7831,    89.0,195111,  1101, , ,D,000157
ALE00100939,                                "TIRANA",  41.3331,   19.7831,    89.0,195112,  1016, , ,D,000157
ALE00100939,                                "TIRANA",  41.3331,   19.7831,    89.0,195201,  2112, , ,D,000157
ALE00100939,                                "TIRANA",  41.3331,   19.7831,    89.0,195202,   759, , ,D,000157
ALE00100939,                                "TIRANA",  41.3331,   19.7831,    89.0,195203,   749, , ,D,000157
ALE00100939,                                "TIRANA",  41.3331,   19.7831,    89.0,195204,   152, , ,D,000157
ALE00100939,                                "TIRANA",  41.3331,   19.7831,    89.0,195205,   439, , ,D,000157
ALE00100939,                                "TIRANA",  41.3331,   19.7831,    89.0,195206,    32, , ,D,000157
ALE00100939,                                "TIRANA",  41.3331,   19.7831,    89.0,195207,   343, , ,D,000157
ALE00100939,                                "TIRANA",  41.3331,   19.7831,    89.0,195208,    40, , ,D,000157
ALE00100939,                                "TIRANA",  41.3331,   19.7831,    89.0,195209,   388, , ,D,000157
ALE00100939,                                "TIRANA",  41.3331,   19.7831,    89.0,195210,  1592, , ,D,000157
ALE00100939,                                "TIRANA",  41.3331,   19.7831,    89.0,195211,  2880, , ,D,000157
ALE00100939,                                "TIRANA",  41.3331,   19.7831,    89.0,195212,  1455, , ,D,000157
ALE00100939,                                "TIRANA",  41.3331,   19.7831,    89.0,195301,  1502, , ,D,000157
ALE00100939,                                "TIRANA",  41.3331,   19.7831,    89.0,195302,  1920, , ,D,000157
ALE00100939,                                "TIRANA",  41.3331,   19.7831,    89.0,195303,    44, , ,D,000157
ALE00100939,                                "TIRANA",  41.3331,   19.7831,    89.0,195304,  1061, , ,D,000157
ALE00100939,                                "TIRANA",  41.3331,   19.7831,    89.0,195305,  1266, , ,D,000157
ALE00100939,                                "TIRANA",  41.3331,   19.7831,    89.0,195306,   560, , ,D,000157
ALE00100939,                                "TIRANA",  41.3331,   19.7831,    89.0,195307,   392, , ,D,000157
ALE00100939,                                "TIRANA",  41.3331,   19.7831,    89.0,195308,   260, , ,D,000157
ALE00100939,                                "TIRANA",  41.3331,   19.7831,    89.0,195309,   559, , ,D,000157
ALE00100939,                                "TIRANA",  41.3331,   19.7831,    89.0,195310,   576, , ,D,000157
ALE00100939,                                "TIRANA",  41.3331,   19.7831,    89.0,195311,    78, , ,D,000157
ALE00100939,                                "TIRANA",  41.3331,   19.7831,    89.0,195312,   904, , ,D,000157
ALE00100939,                                "TIRANA",  41.3331,   19.7831,    89.0,195401,  1441, , ,D,000157
ALE00100939,                                "TIRANA",  41.3331,   19.7831,    89.0,195402,  1795, , ,D,000157
ALE00100939,                                "TIRANA",  41.3331,   19.7831,    89.0,195403,  1053, , ,D,000157
ALE00100939,                                "TIRANA",  41.3331,   19.7831,    89.0,195404,   734, , ,D,000157
ALE00100939,                                "TIRANA",  41.3331,   19.7831,    89.0,195405,  1311, , ,D,000157
ALE00100939,                                "TIRANA",  41.3331,   19.7831,    89.0,195406,   115, , ,D,000157
ALE00100939,                                "TIRANA",  41.3331,   19.7831,    89.0,195407,     9, , ,D,000157
ALE00100939,                                "TIRANA",  41.3331,   19.7831,    89.0,195408,   199, , ,D,000157
ALE00100939,                                "TIRANA",  41.3331,   19.7831,    89.0,195409,   749, , ,D,000157
ALE00100939,                                "TIRANA",  41.3331,   19.7831,    89.0,195410,  1075, , ,D,000157
ALE00100939,                                "TIRANA",  41.3331,   19.7831,    89.0,195411,  1205, , ,D,000157
ALE00100939,                                "TIRANA",  41.3331,   19.7831,    89.0,195412,   985, , ,D,000157
ALE00100939,                                "TIRANA",  41.3331,   19.7831,    89.0,195501,  1082, , ,D,000157
ALE00100939,                                "TIRANA",  41.3331,   19.7831,    89.0,195502,  1504, , ,D,000157
ALE00100939,                                "TIRANA",  41.3331,   19.7831,    89.0,195503,  1070, , ,D,000157
ALE00100939,                                "TIRANA",  41.3331,   19.7831,    89.0,195504,   370, , ,D,000157
ALE00100939,                                "TIRANA",  41.3331,   19.7831,    89.0,195505,    59, , ,D,000157
ALE00100939,                                "TIRANA",  41.3331,   19.7831,    89.0,195506,   192, , ,D,000157
ALE00100939,                                "TIRANA",  41.3331,   19.7831,    89.0,195507,   319, , ,D,000157
ALE00100939,                                "TIRANA",  41.3331,   19.7831,    89.0,195508,  1121, , ,D,000157
ALE00100939,                                "TIRANA",  41.3331,   19.7831,    89.0,195509,  1743, , ,D,000157
ALE00100939,                                "TIRANA",  41.3331,   19.7831,    89.0,195510,  1465, , ,D,000157
ALE00100939,                                "TIRANA",  41.3331,   19.7831,    89.0,195511,  1884, , ,D,000157
ALE00100939,                                "TIRANA",  41.3331,   19.7831,    89.0,195512,   492, , ,D,000157
ALE00100939,                                "TIRANA",  41.3331,   19.7831,    89.0,195601,  2233, , ,D,000157
ALE00100939,                                "TIRANA",  41.3331,   19.7831,    89.0,195602,  2394, , ,D,000157
ALE00100939,                                "TIRANA",  41.3331,   19.7831,    89.0,195603,   748, , ,D,000157
ALE00100939,                                "TIRANA",  41.3331,   19.7831,    89.0,195604,  1718, , ,D,000157
ALE00100939,                                "TIRANA",  41.3331,   19.7831,    89.0,195605,  1147, , ,D,000157
ALE00100939,                                "TIRANA",  41.3331,   19.7831,    89.0,195606,  1859, , ,D,000157
ALE00100939,                                "TIRANA",  41.3331,   19.7831,    89.0,195607,    52, , ,D,000157
ALE00100939,                                "TIRANA",  41.3331,   19.7831,    89.0,195608,   133, , ,D,000157
ALE00100939,                                "TIRANA",  41.3331,   19.7831,    89.0,195609,   241, , ,D,000157
ALE00100939,                                "TIRANA",  41.3331,   19.7831,    89.0,195610,  1133, , ,D,000157
ALE00100939,                                "TIRANA",  41.3331,   19.7831,    89.0,195611,  1824, , ,D,000157
ALE00100939,                                "TIRANA",  41.3331,   19.7831,    89.0,195612,   590, , ,D,000157
ALE00100939,                                "TIRANA",  41.3331,   19.7831,    89.0,195701,   800, , ,D,000157
ALE00100939,                                "TIRANA",  41.3331,   19.7831,    89.0,195702,  1307, , ,D,000157
ALE00100939,                                "TIRANA",  41.3331,   19.7831,    89.0,195703,    62, , ,D,000157
ALE00100939,                                "TIRANA",  41.3331,   19.7831,    89.0,195704,   301, , ,D,000157
ALE00100939,                                "TIRANA",  41.3331,   19.7831,    89.0,195705,  1612, , ,D,000157
ALE00100939,                                "TIRANA",  41.3331,   19.7831,    89.0,195706,    27, , ,D,000157
ALE00100939,                                "TIRANA",  41.3331,   19.7831,    89.0,195707,   819, , ,D,000157
ALE00100939,                                "TIRANA",  41.3331,   19.7831,    89.0,195708,   213, , ,D,000157
ALE00100939,                                "TIRANA",  41.3331,   19.7831,    89.0,195709,   843, , ,D,000157
ALE00100939,                                "TIRANA",  41.3331,   19.7831,    89.0,195710,  1571, , ,D,000157
ALE00100939,                                "TIRANA",  41.3331,   19.7831,    89.0,195711,   790, , ,D,000157
ALE00100939,                                "TIRANA",  41.3331,   19.7831,    89.0,195712,  2147, , ,D,000157
ALE00100939,                                "TIRANA",  41.3331,   19.7831,    89.0,195801,   768, , ,D,000157
ALE00100939,                                "TIRANA",  41.3331,   19.7831,    89.0,195802,   792, , ,D,000157
ALE00100939,                                "TIRANA",  41.3331,   19.7831,    89.0,195803,  2601, , ,D,000157
ALE00100939,                                "TIRANA",  41.3331,   19.7831,    89.0,195804,  2450, , ,D,000157
ALE00100939,                                "TIRANA",  41.3331,   19.7831,    89.0,195805,  1616, , ,D,000157
ALE00100939,                                "TIRANA",  41.3331,   19.7831,    89.0,195806,   436, , ,D,000157
ALE00100939,                                "TIRANA",  41.3331,   19.7831,    89.0,195807,   205, , ,D,000157
ALE00100939,                                "TIRANA",  41.3331,   19.7831,    89.0,195808,     1, , ,D,000157
ALE00100939,                                "TIRANA",  41.3331,   19.7831,    89.0,195809,   179, , ,D,000157
ALE00100939,                                "TIRANA",  41.3331,   19.7831,    89.0,195810,   986, , ,D,000157
ALE00100939,                                "TIRANA",  41.3331,   19.7831,    89.0,195811,  1936, , ,D,000157
ALE00100939,                                "TIRANA",  41.3331,   19.7831,    89.0,195812,  1430, , ,D,000157
ALE00100939,                                "TIRANA",  41.3331,   19.7831,    89.0,195901,  2815, , ,D,000157
ALE00100939,                                "TIRANA",  41.3331,   19.7831,    89.0,195902,  1438, , ,D,000157
ALE00100939,                                "TIRANA",  41.3331,   19.7831,    89.0,195903,   592, , ,D,000157
ALE00100939,                                "TIRANA",  41.3331,   19.7831,    89.0,195904,   521, , ,D,000157
ALE00100939,                                "TIRANA",  41.3331,   19.7831,    89.0,195905,   975, , ,D,000157
ALE00100939,                                "TIRANA",  41.3331,   19.7831,    89.0,195906,  1463, , ,D,000157
ALE00100939,                                "TIRANA",  41.3331,   19.7831,    89.0,195907,   386, , ,D,000157
ALE00100939,                                "TIRANA",  41.3331,   19.7831,    89.0,195908,   589, , ,D,000157
ALE00100939,                                "TIRANA",  41.3331,   19.7831,    89.0,195909,  1057, , ,D,000157
ALE00100939,                                "TIRANA",  41.3331,   19.7831,    89.0,195910,   780, , ,D,000157
ALE00100939,                                "TIRANA",  41.3331,   19.7831,    89.0,195911,  1301, , ,D,000157
ALE00100939,                                "TIRANA",  41.3331,   19.7831,    89.0,195912,  1615, , ,D,000157
ALE00100939,                                "TIRANA",  41.3331,   19.7831,    89.0,196001,  1924, , ,D,000157
ALE00100939,                                "TIRANA",  41.3331,   19.7831,    89.0,196002,  1763, , ,D,000157
ALE00100939,                                "TIRANA",  41.3331,   19.7831,    89.0,196003,  1172, , ,D,000157
ALE00100939,                                "TIRANA",  41.3331,   19.7831,    89.0,196004,  1457, , ,D,000157
ALE00100939,                                "TIRANA",  41.3331,   19.7831,    89.0,196005,   406, , ,D,000157
ALE00100939,                                "TIRANA",  41.3331,   19.7831,    89.0,196006,   154, , ,D,000157
ALE00100939,                                "TIRANA",  41.3331,   19.7831,    89.0,196007,   149, , ,D,000157
ALE00100939,                                "TIRANA",  41.3331,   19.7831,    89.0,196008,     4, , ,D,000157
ALE00100939,                                "TIRANA",  41.3331,   19.7831,    89.0,196009,  1281, , ,D,000157
ALE00100939,                                "TIRANA",  41.3331,   19.7831,    89.0,196010,  1706, , ,D,000157
ALE00100939,                                "TIRANA",  41.3331,   19.7831,    89.0,196011,  2431, , ,D,000157
ALE00100939,                                "TIRANA",  41.3331,   19.7831,    89.0,196012,  1988, , ,D,000157
ALE00100939,                                "TIRANA",  41.3331,   19.7831,    89.0,196101,   748, , ,D,000157
ALE00100939,                                "TIRANA",  41.3331,   19.7831,    89.0,196102,   852, , ,D,000157
ALE00100939,                                "TIRANA",  41.3331,   19.7831,    89.0,196103,   838, , ,D,000157
ALE00100939,                                "TIRANA",  41.3331,   19.7831,    89.0,196104,   790, , ,D,000157
ALE00100939,                                "TIRANA",  41.3331,   19.7831,    89.0,196105,  2033, , ,D,000157
ALE00100939,                                "TIRANA",  41.3331,   19.7831,    89.0,196106,   949, , ,D,000157
ALE00100939,                                "TIRANA",  41.3331,   19.7831,    89.0,196107,   616, , ,D,000157
ALE00100939,                                "TIRANA",  41.3331,   19.7831,    89.0,196108,   224, , ,D,000157
ALE00100939,                                "TIRANA",  41.3331,   19.7831,    89.0,196109,   117, , ,D,000157
ALE00100939,                                "TIRANA",  41.3331,   19.7831,    89.0,196110,   559, , ,D,000157
ALE00100939,                                "TIRANA",  41.3331,   19.7831,    89.0,196111,  2604, , ,D,000157
ALE00100939,                                "TIRANA",  41.3331,   19.7831,    89.0,196112,  1069, , ,D,000157
ALE00100939,                                "TIRANA",  41.3331,   19.7831,    89.0,196201,   629, , ,D,000157
ALE00100939,                                "TIRANA",  41.3331,   19.7831,    89.0,196202,   869, , ,D,000157
ALE00100939,                                "TIRANA",  41.3331,   19.7831,    89.0,196203,  3011, , ,D,000157
ALE00100939,                                "TIRANA",  41.3331,   19.7831,    89.0,196204,  1093, , ,D,000157
ALE00100939,                                "TIRANA",  41.3331,   19.7831,    89.0,196205,   109, , ,D,000157
ALE00100939,                                "TIRANA",  41.3331,   19.7831,    89.0,196206,   595, , ,D,000157
ALE00100939,                                "TIRANA",  41.3331,   19.7831,    89.0,196207,   311, , ,D,000157
ALE00100939,                                "TIRANA",  41.3331,   19.7831,    89.0,196208,     4, , ,D,000157
ALE00100939,                                "TIRANA",  41.3331,   19.7831,    89.0,196209,   690, , ,D,000157
ALE00100939,                                "TIRANA",  41.3331,   19.7831,    89.0,196210,  1856, , ,D,000157
ALE00100939,                                "TIRANA",  41.3331,   19.7831,    89.0,196211,  3909, , ,D,000157
ALE00100939,                                "TIRANA",  41.3331,   19.7831,    89.0,196212,  1941, , ,D,000157
ALE00100939,                                "TIRANA",  41.3331,   19.7831,    89.0,196301,  2964, , ,D,000157
ALE00100939,                                "TIRANA",  41.3331,   19.7831,    89.0,196302,  2885, , ,D,000157
ALE00100939,                                "TIRANA",  41.3331,   19.7831,    89.0,196303,  1539, , ,D,000157
ALE00100939,                                "TIRANA",  41.3331,   19.7831,    89.0,196304,   647, , ,D,000157
ALE00100939,                                "TIRANA",  41.3331,   19.7831,    89.0,196305,  1575, , ,D,000157
ALE00100939,                                "TIRANA",  41.3331,   19.7831,    89.0,196306,  1188, , ,D,000157
ALE00100939,                                "TIRANA",  41.3331,   19.7831,    89.0,196307,   181, , ,D,000157
ALE00100939,                                "TIRANA",  41.3331,   19.7831,    89.0,196308,  1225, , ,D,000157
ALE00100939,                                "TIRANA",  41.3331,   19.7831,    89.0,196309,   716, , ,D,000157
ALE00100939,                                "TIRANA",  41.3331,   19.7831,    89.0,196310,   676, , ,D,000157
ALE00100939,                                "TIRANA",  41.3331,   19.7831,    89.0,196311,  1076, , ,D,000157
ALE00100939,                                "TIRANA",  41.3331,   19.7831,    89.0,196312,  1839, , ,D,000157
ALE00100939,                                "TIRANA",  41.3331,   19.7831,    89.0,196401,   129, , ,D,000157
ALE00100939,                                "TIRANA",  41.3331,   19.7831,    89.0,196402,  1151, , ,D,000157
ALE00100939,                                "TIRANA",  41.3331,   19.7831,    89.0,196403,  1508, , ,D,000157
ALE00100939,                                "TIRANA",  41.3331,   19.7831,    89.0,196404,   924, , ,D,000157
ALE00100939,                                "TIRANA",  41.3331,   19.7831,    89.0,196405,  2290, , ,D,000157
ALE00100939,                                "TIRANA",  41.3331,   19.7831,    89.0,196406,  1678, , ,D,000157
ALE00100939,                                "TIRANA",  41.3331,   19.7831,    89.0,196407,   650, , ,D,000157
ALE00100939,                                "TIRANA",  41.3331,   19.7831,    89.0,196408,   392, , ,D,000157
ALE00100939,                                "TIRANA",  41.3331,   19.7831,    89.0,196409,   477, , ,D,000157
ALE00100939,                                "TIRANA",  41.3331,   19.7831,    89.0,196410,  1086, , ,D,000157
ALE00100939,                                "TIRANA",  41.3331,   19.7831,    89.0,196411,  1921, , ,D,000157
ALE00100939,                                "TIRANA",  41.3331,   19.7831,    89.0,196412,  2074, , ,D,000157
ALE00100939,                                "TIRANA",  41.3331,   19.7831,    89.0,196501,  1049, , ,D,000157
ALE00100939,                                "TIRANA",  41.3331,   19.7831,    89.0,196502,  1657, , ,D,000157
ALE00100939,                                "TIRANA",  41.3331,   19.7831,    89.0,196503,   548, , ,D,000157
ALE00100939,                                "TIRANA",  41.3331,   19.7831,    89.0,196504,  1622, , ,D,000157
ALE00100939,                                "TIRANA",  41.3331,   19.7831,    89.0,196505,   503, , ,D,000157
ALE00100939,                                "TIRANA",  41.3331,   19.7831,    89.0,196506,   275, , ,D,000157
ALE00100939,                                "TIRANA",  41.3331,   19.7831,    89.0,196507,    23, , ,D,000157
ALE00100939,                                "TIRANA",  41.3331,   19.7831,    89.0,196508,   462, , ,D,000157
ALE00100939,                                "TIRANA",  41.3331,   19.7831,    89.0,196509,   534, , ,D,000157
ALE00100939,                                "TIRANA",  41.3331,   19.7831,    89.0,196510,     1, , ,D,000157
ALE00100939,                                "TIRANA",  41.3331,   19.7831,    89.0,196511,  2810, , ,D,000157
ALE00100939,                                "TIRANA",  41.3331,   19.7831,    89.0,196512,  2204, , ,D,000157
ALE00100939,                                "TIRANA",  41.3331,   19.7831,    89.0,196601,  3045, , ,D,000157
ALE00100939,                                "TIRANA",  41.3331,   19.7831,    89.0,196602,  1066, , ,D,000157
ALE00100939,                                "TIRANA",  41.3331,   19.7831,    89.0,196603,   817, , ,D,000157
ALE00100939,                                "TIRANA",  41.3331,   19.7831,    89.0,196604,   556, , ,D,000157
ALE00100939,                                "TIRANA",  41.3331,   19.7831,    89.0,196605,   739, , ,D,000157
ALE00100939,                                "TIRANA",  41.3331,   19.7831,    89.0,196606,    95, , ,D,000157
ALE00100939,                                "TIRANA",  41.3331,   19.7831,    89.0,196607,   747, , ,D,000157
ALE00100939,                                "TIRANA",  41.3331,   19.7831,    89.0,196608,   409, , ,D,000157
ALE00100939,                                "TIRANA",  41.3331,   19.7831,    89.0,196609,   311, , ,D,000157
ALE00100939,                                "TIRANA",  41.3331,   19.7831,    89.0,196610,  1597, , ,D,000157
ALE00100939,                                "TIRANA",  41.3331,   19.7831,    89.0,196611,  3301, , ,D,000157
ALE00100939,                                "TIRANA",  41.3331,   19.7831,    89.0,196612,  2567, , ,D,000157
ALE00100939,                                "TIRANA",  41.3331,   19.7831,    89.0,196701,  1994, , ,D,000157
ALE00100939,                                "TIRANA",  41.3331,   19.7831,    89.0,196702,   187, , ,D,000157
ALE00100939,                                "TIRANA",  41.3331,   19.7831,    89.0,196703,   470, , ,D,000157
ALE00100939,                                "TIRANA",  41.3331,   19.7831,    89.0,196704,  1565, , ,D,000157
ALE00100939,                                "TIRANA",  41.3331,   19.7831,    89.0,196705,   433, , ,D,000157
ALE00100939,                                "TIRANA",  41.3331,   19.7831,    89.0,196706,   851, , ,D,000157
ALE00100939,                                "TIRANA",  41.3331,   19.7831,    89.0,196707,   713, , ,D,000157
ALE00100939,                                "TIRANA",  41.3331,   19.7831,    89.0,196708,    47, , ,D,000157
ALE00100939,                                "TIRANA",  41.3331,   19.7831,    89.0,196709,   654, , ,D,000157
ALE00100939,                                "TIRANA",  41.3331,   19.7831,    89.0,196710,   434, , ,D,000157
ALE00100939,                                "TIRANA",  41.3331,   19.7831,    89.0,196711,   560, , ,D,000157
ALE00100939,                                "TIRANA",  41.3331,   19.7831,    89.0,196712,  1880, , ,D,000157
ALE00100939,                                "TIRANA",  41.3331,   19.7831,    89.0,196801,  2028, , ,D,000157
ALE00100939,                                "TIRANA",  41.3331,   19.7831,    89.0,196802,  1115, , ,D,000157
ALE00100939,                                "TIRANA",  41.3331,   19.7831,    89.0,196803,  1258, , ,D,000157
ALE00100939,                                "TIRANA",  41.3331,   19.7831,    89.0,196804,   291, , ,D,000157
ALE00100939,                                "TIRANA",  41.3331,   19.7831,    89.0,196805,   946, , ,D,000157
ALE00100939,                                "TIRANA",  41.3331,   19.7831,    89.0,196806,  1145, , ,D,000157
ALE00100939,                                "TIRANA",  41.3331,   19.7831,    89.0,196807,   179, , ,D,000157
ALE00100939,                                "TIRANA",  41.3331,   19.7831,    89.0,196808,   861, , ,D,000157
ALE00100939,                                "TIRANA",  41.3331,   19.7831,    89.0,196809,  1075, , ,D,000157
ALE00100939,                                "TIRANA",  41.3331,   19.7831,    89.0,196810,   136, , ,D,000157
ALE00100939,                                "TIRANA",  41.3331,   19.7831,    89.0,196811,   720, , ,D,000157
ALE00100939,                                "TIRANA",  41.3331,   19.7831,    89.0,196812,  2224, , ,D,000157
ALE00100939,                                "TIRANA",  41.3331,   19.7831,    89.0,196901,  1042, , ,D,000157
ALE00100939,                                "TIRANA",  41.3331,   19.7831,    89.0,196902,  2395, , ,D,000157
ALE00100939,                                "TIRANA",  41.3331,   19.7831,    89.0,196903,  2484, , ,D,000157
ALE00100939,                                "TIRANA",  41.3331,   19.7831,    89.0,196904,  1140, , ,D,000157
ALE00100939,                                "TIRANA",  41.3331,   19.7831,    89.0,196905,   615, , ,D,000157
ALE00100939,                                "TIRANA",  41.3331,   19.7831,    89.0,196906,  1164, , ,D,000157
ALE00100939,                                "TIRANA",  41.3331,   19.7831,    89.0,196907,   243, , ,D,000157
ALE00100939,                                "TIRANA",  41.3331,   19.7831,    89.0,196908,  1170, , ,D,000157
ALE00100939,                                "TIRANA",  41.3331,   19.7831,    89.0,196909,   424, , ,D,000157
ALE00100939,                                "TIRANA",  41.3331,   19.7831,    89.0,196910,     2, , ,D,000157
ALE00100939,                                "TIRANA",  41.3331,   19.7831,    89.0,196911,  1251, , ,D,000157
ALE00100939,                                "TIRANA",  41.3331,   19.7831,    89.0,196912,  2580, , ,D,000157
ALE00100939,                                "TIRANA",  41.3331,   19.7831,    89.0,197001,  2291, , ,D,000157
ALE00100939,                                "TIRANA",  41.3331,   19.7831,    89.0,197002,  1785, , ,D,000157
ALE00100939,                                "TIRANA",  41.3331,   19.7831,    89.0,197003,  1672, , ,D,000157
ALE00100939,                                "TIRANA",  41.3331,   19.7831,    89.0,197004,   829, , ,D,000157
ALE00100939,                                "TIRANA",  41.3331,   19.7831,    89.0,197005,  1418, , ,D,000157
ALE00100939,                                "TIRANA",  41.3331,   19.7831,    89.0,197006,   512, , ,D,000157
ALE00100939,                                "TIRANA",  41.3331,   19.7831,    89.0,197007,  1514, , ,D,000157
ALE00100939,                                "TIRANA",  41.3331,   19.7831,    89.0,197008,   788, , ,D,000157
ALE00100939,                                "TIRANA",  41.3331,   19.7831,    89.0,197009,   166, , ,D,000157
ALE00100939,                                "TIRANA",  41.3331,   19.7831,    89.0,197010,  1687, , ,D,000157
ALE00100939,                                "TIRANA",  41.3331,   19.7831,    89.0,197011,  1448, , ,D,000157
ALE00100939,                                "TIRANA",  41.3331,   19.7831,    89.0,197012,  1702, , ,D,000157
ALE00100939,                                "TIRANA",  41.3331,   19.7831,    89.0,197101,  1619, , ,D,000157
ALE00100939,                                "TIRANA",  41.3331,   19.7831,    89.0,197102,  1025, , ,D,000157
ALE00100939,                                "TIRANA",  41.3331,   19.7831,    89.0,197103,  2030, , ,D,000157
ALE00100939,                                "TIRANA",  41.3331,   19.7831,    89.0,197104,  1041, , ,D,000157
ALE00100939,                                "TIRANA",  41.3331,   19.7831,    89.0,197105,  1630, , ,D,000157
ALE00100939,                                "TIRANA",  41.3331,   19.7831,    89.0,197106,   926, , ,D,000157
ALE00100939,                                "TIRANA",  41.3331,   19.7831,    89.0,197107,   274, , ,D,000157
ALE00100939,                                "TIRANA",  41.3331,   19.7831,    89.0,197108,    92, , ,D,000157
ALE00100939,                                "TIRANA",  41.3331,   19.7831,    89.0,197109,  1271, , ,D,000157
ALE00100939,                                "TIRANA",  41.3331,   19.7831,    89.0,197110,   304, , ,D,000157
ALE00100939,                                "TIRANA",  41.3331,   19.7831,    89.0,197111,  1673, , ,D,000157
ALE00100939,                                "TIRANA",  41.3331,   19.7831,    89.0,197112,   372, , ,D,000157
ALE00100939,                                "TIRANA",  41.3331,   19.7831,    89.0,197201,  1523, , ,D,000157
ALE00100939,                                "TIRANA",  41.3331,   19.7831,    89.0,197202,   679, , ,D,000157
ALE00100939,                                "TIRANA",  41.3331,   19.7831,    89.0,197203,   506, , ,D,000157
ALE00100939,                                "TIRANA",  41.3331,   19.7831,    89.0,197204,  1508, , ,D,000157
ALE00100939,                                "TIRANA",  41.3331,   19.7831,    89.0,197205,   426, , ,D,000157
ALE00100939,                                "TIRANA",  41.3331,   19.7831,    89.0,197206,    48, , ,D,000157
ALE00100939,                                "TIRANA",  41.3331,   19.7831,    89.0,197207,  1684, , ,D,000157
ALE00100939,                                "TIRANA",  41.3331,   19.7831,    89.0,197208,  1787, , ,D,000157
ALE00100939,                                "TIRANA",  41.3331,   19.7831,    89.0,197209,  1749, , ,D,000157
ALE00100939,                                "TIRANA",  41.3331,   19.7831,    89.0,197210,   971, , ,D,000157
ALE00100939,                                "TIRANA",  41.3331,   19.7831,    89.0,197211,   880, , ,D,000157
ALE00100939,                                "TIRANA",  41.3331,   19.7831,    89.0,197212,   203, , ,D,000157
ALE00100939,                                "TIRANA",  41.3331,   19.7831,    89.0,197301,   731, , ,D,000157
ALE00100939,                                "TIRANA",  41.3331,   19.7831,    89.0,197302,  1856, , ,D,000157
ALE00100939,                                "TIRANA",  41.3331,   19.7831,    89.0,197303,   741, , ,D,000157
ALE00100939,                                "TIRANA",  41.3331,   19.7831,    89.0,197304,  2144, , ,D,000157
ALE00100939,                                "TIRANA",  41.3331,   19.7831,    89.0,197305,   194, , ,D,000157
ALE00100939,                                "TIRANA",  41.3331,   19.7831,    89.0,197306,   564, , ,D,000157
ALE00100939,                                "TIRANA",  41.3331,   19.7831,    89.0,197307,   403, , ,D,000157
ALE00100939,                                "TIRANA",  41.3331,   19.7831,    89.0,197308,   594, , ,D,000157
ALE00100939,                                "TIRANA",  41.3331,   19.7831,    89.0,197309,  1274, , ,D,000157
ALE00100939,                                "TIRANA",  41.3331,   19.7831,    89.0,197310,   555, , ,D,000157
ALE00100939,                                "TIRANA",  41.3331,   19.7831,    89.0,197311,  1329, , ,D,000157
ALE00100939,                                "TIRANA",  41.3331,   19.7831,    89.0,197312,  2093, , ,D,000157
ALE00100939,                                "TIRANA",  41.3331,   19.7831,    89.0,197401,   630, , ,D,000157
ALE00100939,                                "TIRANA",  41.3331,   19.7831,    89.0,197402,  1168, , ,D,000157
ALE00100939,                                "TIRANA",  41.3331,   19.7831,    89.0,197403,  1037, , ,D,000157
ALE00100939,                                "TIRANA",  41.3331,   19.7831,    89.0,197404,  1730, , ,D,000157
ALE00100939,                                "TIRANA",  41.3331,   19.7831,    89.0,197405,  2021, , ,D,000157
ALE00100939,                                "TIRANA",  41.3331,   19.7831,    89.0,197406,   796, , ,D,000157
ALE00100939,                                "TIRANA",  41.3331,   19.7831,    89.0,197407,   168, , ,D,000157
ALE00100939,                                "TIRANA",  41.3331,   19.7831,    89.0,197408,   285, , ,D,000157
ALE00100939,                                "TIRANA",  41.3331,   19.7831,    89.0,197409,  1343, , ,D,000157
ALE00100939,                                "TIRANA",  41.3331,   19.7831,    89.0,197410,  3400, , ,D,000157
ALE00100939,                                "TIRANA",  41.3331,   19.7831,    89.0,197411,   933, , ,D,000157
ALE00100939,                                "TIRANA",  41.3331,   19.7831,    89.0,197412,   471, , ,D,000157
ALE00100939,                                "TIRANA",  41.3331,   19.7831,    89.0,197501,   473, , ,D,000157
ALE00100939,                                "TIRANA",  41.3331,   19.7831,    89.0,197502,   363, , ,D,000157
ALE00100939,                                "TIRANA",  41.3331,   19.7831,    89.0,197503,  1109, , ,D,000157
ALE00100939,                                "TIRANA",  41.3331,   19.7831,    89.0,197504,   270, , ,D,000157
ALE00100939,                                "TIRANA",  41.3331,   19.7831,    89.0,197505,   691, , ,D,000157
ALE00100939,                                "TIRANA",  41.3331,   19.7831,    89.0,197506,   293, , ,D,000157
ALE00100939,                                "TIRANA",  41.3331,   19.7831,    89.0,197507,   485, , ,D,000157
ALE00100939,                                "TIRANA",  41.3331,   19.7831,    89.0,197508,   281, , ,D,000157
ALE00100939,                                "TIRANA",  41.3331,   19.7831,    89.0,197509,   384, , ,D,000157
ALE00100939,                                "TIRANA",  41.3331,   19.7831,    89.0,197510,  2626, , ,D,000157
ALE00100939,                                "TIRANA",  41.3331,   19.7831,    89.0,197511,  1246, , ,D,000157
ALE00100939,                                "TIRANA",  41.3331,   19.7831,    89.0,197512,   483, , ,D,000157
ALE00100939,                                "TIRANA",  41.3331,   19.7831,    89.0,197601,  1350, , ,D,000157
ALE00100939,                                "TIRANA",  41.3331,   19.7831,    89.0,197602,   708, , ,D,000157
ALE00100939,                                "TIRANA",  41.3331,   19.7831,    89.0,197603,   590, , ,D,000157
ALE00100939,                                "TIRANA",  41.3331,   19.7831,    89.0,197604,   911, , ,D,000157
ALE00100939,                                "TIRANA",  41.3331,   19.7831,    89.0,197605,   784, , ,D,000157
ALE00100939,                                "TIRANA",  41.3331,   19.7831,    89.0,197606,  1423, , ,D,000157
ALE00100939,                                "TIRANA",  41.3331,   19.7831,    89.0,197607,   488, , ,D,000157
ALE00100939,                                "TIRANA",  41.3331,   19.7831,    89.0,197608,   584, , ,D,000157
ALE00100939,                                "TIRANA",  41.3331,   19.7831,    89.0,197609,   407, , ,D,000157
ALE00100939,                                "TIRANA",  41.3331,   19.7831,    89.0,197610,  2328, , ,D,000157
ALE00100939,                                "TIRANA",  41.3331,   19.7831,    89.0,197611,  1969, , ,D,000157
ALE00100939,                                "TIRANA",  41.3331,   19.7831,    89.0,197612,  2119, , ,D,000157
ALE00100939,                                "TIRANA",  41.3331,   19.7831,    89.0,197701,   777, , ,D,000157
ALE00100939,                                "TIRANA",  41.3331,   19.7831,    89.0,197702,  1595, , ,D,000157
ALE00100939,                                "TIRANA",  41.3331,   19.7831,    89.0,197703,   562, , ,D,000157
ALE00100939,                                "TIRANA",  41.3331,   19.7831,    89.0,197704,   489, , ,D,000157
ALE00100939,                                "TIRANA",  41.3331,   19.7831,    89.0,197705,   517, , ,D,000157
ALE00100939,                                "TIRANA",  41.3331,   19.7831,    89.0,197706,    96, , ,D,000157
ALE00100939,                                "TIRANA",  41.3331,   19.7831,    89.0,197707,   444, , ,D,000157
ALE00100939,                                "TIRANA",  41.3331,   19.7831,    89.0,197708,   379, , ,D,000157
ALE00100939,                                "TIRANA",  41.3331,   19.7831,    89.0,197709,  1105, , ,D,000157
ALE00100939,                                "TIRANA",  41.3331,   19.7831,    89.0,197710,   366, , ,D,000157
ALE00100939,                                "TIRANA",  41.3331,   19.7831,    89.0,197711,  2289, , ,D,000157
ALE00100939,                                "TIRANA",  41.3331,   19.7831,    89.0,197712,   990, , ,D,000157
ALE00100939,                                "TIRANA",  41.3331,   19.7831,    89.0,197801,  1593, , ,D,000157
ALE00100939,                                "TIRANA",  41.3331,   19.7831,    89.0,197802,  1158, , ,D,000157
ALE00100939,                                "TIRANA",  41.3331,   19.7831,    89.0,197803,  2030, , ,D,000157
ALE00100939,                                "TIRANA",  41.3331,   19.7831,    89.0,197804,  1697, , ,D,000157
ALE00100939,                                "TIRANA",  41.3331,   19.7831,    89.0,197805,  1966, , ,D,000157
ALE00100939,                                "TIRANA",  41.3331,   19.7831,    89.0,197806,   413, , ,D,000157
ALE00100939,                                "TIRANA",  41.3331,   19.7831,    89.0,197807,     8, , ,D,000157
ALE00100939,                                "TIRANA",  41.3331,   19.7831,    89.0,197808,   305, , ,D,000157
ALE00100939,                                "TIRANA",  41.3331,   19.7831,    89.0,197809,  1267, , ,D,000157
ALE00100939,                                "TIRANA",  41.3331,   19.7831,    89.0,197810,   331, , ,D,000157
ALE00100939,                                "TIRANA",  41.3331,   19.7831,    89.0,197811,   531, , ,D,000157
ALE00100939,                                "TIRANA",  41.3331,   19.7831,    89.0,197812,  1233, , ,D,000157
ALE00100939,                                "TIRANA",  41.3331,   19.7831,    89.0,197901,  2201, , ,D,000157
ALE00100939,                                "TIRANA",  41.3331,   19.7831,    89.0,197902,  1331, , ,D,000157
ALE00100939,                                "TIRANA",  41.3331,   19.7831,    89.0,197903,  1711, , ,D,000157
ALE00100939,                                "TIRANA",  41.3331,   19.7831,    89.0,197904,  1471, , ,D,000157
ALE00100939,                                "TIRANA",  41.3331,   19.7831,    89.0,197905,   424, , ,D,000157
ALE00100939,                                "TIRANA",  41.3331,   19.7831,    89.0,197906,   901, , ,D,000157
ALE00100939,                                "TIRANA",  41.3331,   19.7831,    89.0,197907,   506, , ,D,000157
ALE00100939,                                "TIRANA",  41.3331,   19.7831,    89.0,197908,   942, , ,D,000157
ALE00100939,                                "TIRANA",  41.3331,   19.7831,    89.0,197909,   514, , ,D,000157
ALE00100939,                                "TIRANA",  41.3331,   19.7831,    89.0,197910,   959, , ,D,000157
ALE00100939,                                "TIRANA",  41.3331,   19.7831,    89.0,197911,  3125, , ,D,000157
ALE00100939,                                "TIRANA",  41.3331,   19.7831,    89.0,197912,  1962, , ,D,000157
ALE00100939,                                "TIRANA",  41.3331,   19.7831,    89.0,198001,   923, , ,D,000157
ALE00100939,                                "TIRANA",  41.3331,   19.7831,    89.0,198002,   629, , ,D,000157
ALE00100939,                                "TIRANA",  41.3331,   19.7831,    89.0,198003,  1012, , ,D,000157
ALE00100939,                                "TIRANA",  41.3331,   19.7831,    89.0,198004,   889, , ,D,000157
ALE00100939,                                "TIRANA",  41.3331,   19.7831,    89.0,198005,  1744, , ,D,000157
ALE00100939,                                "TIRANA",  41.3331,   19.7831,    89.0,198006,   665, , ,D,000157
ALE00100939,                                "TIRANA",  41.3331,   19.7831,    89.0,198007,   205, , ,D,000157
ALE00100939,                                "TIRANA",  41.3331,   19.7831,    89.0,198008,   469, , ,D,000157
ALE00100939,                                "TIRANA",  41.3331,   19.7831,    89.0,198009,   471, , ,D,000157
ALE00100939,                                "TIRANA",  41.3331,   19.7831,    89.0,198010,  2545, , ,D,000157
ALE00100939,                                "TIRANA",  41.3331,   19.7831,    89.0,198011,  2323, , ,D,000157
ALE00100939,                                "TIRANA",  41.3331,   19.7831,    89.0,198012,  1721, , ,D,000157
ALE00100939,                                "TIRANA",  41.3331,   19.7831,    89.0,198101,   774, , ,D,000157
ALE00100939,                                "TIRANA",  41.3331,   19.7831,    89.0,198102,  1692, , ,D,000157
ALE00100939,                                "TIRANA",  41.3331,   19.7831,    89.0,198103,  1710, , ,D,000157
ALE00100939,                                "TIRANA",  41.3331,   19.7831,    89.0,198104,   776, , ,D,000157
ALE00100939,                                "TIRANA",  41.3331,   19.7831,    89.0,198105,   910, , ,D,000157
ALE00100939,                                "TIRANA",  41.3331,   19.7831,    89.0,198106,    72, , ,D,000157
ALE00100939,                                "TIRANA",  41.3331,   19.7831,    89.0,198107,     5, , ,D,000157
ALE00100939,                                "TIRANA",  41.3331,   19.7831,    89.0,198108,   514, , ,D,000157
ALE00100939,                                "TIRANA",  41.3331,   19.7831,    89.0,198109,  1332, , ,D,000157
ALE00100939,                                "TIRANA",  41.3331,   19.7831,    89.0,198110,  1725, , ,D,000157
ALE00100939,                                "TIRANA",  41.3331,   19.7831,    89.0,198111,  1086, , ,D,000157
ALE00100939,                                "TIRANA",  41.3331,   19.7831,    89.0,198112,  2299, , ,D,000157
ALE00100939,                                "TIRANA",  41.3331,   19.7831,    89.0,198201,   343, , ,D,000157
ALE00100939,                                "TIRANA",  41.3331,   19.7831,    89.0,198202,   716, , ,D,000157
ALE00100939,                                "TIRANA",  41.3331,   19.7831,    89.0,198203,   763, , ,D,000157
ALE00100939,                                "TIRANA",  41.3331,   19.7831,    89.0,198204,   591, , ,D,000157
ALE00100939,                                "TIRANA",  41.3331,   19.7831,    89.0,198205,    78, , ,D,000157
ALE00100939,                                "TIRANA",  41.3331,   19.7831,    89.0,198206,    89, , ,D,000157
ALE00100939,                                "TIRANA",  41.3331,   19.7831,    89.0,198207,   519, , ,D,000157
ALE00100939,                                "TIRANA",  41.3331,   19.7831,    89.0,198208,   265, , ,D,000157
ALE00100939,                                "TIRANA",  41.3331,   19.7831,    89.0,198209,   505, , ,D,000157
ALE00100939,                                "TIRANA",  41.3331,   19.7831,    89.0,198210,  1127, , ,D,000157
ALE00100939,                                "TIRANA",  41.3331,   19.7831,    89.0,198211,   785, , ,D,000157
ALE00100939,                                "TIRANA",  41.3331,   19.7831,    89.0,198212,  2105, , ,D,000157
ALE00100939,                                "TIRANA",  41.3331,   19.7831,    89.0,198301,   716, , ,D,000157
ALE00100939,                                "TIRANA",  41.3331,   19.7831,    89.0,198302,  1667, , ,D,000157
ALE00100939,                                "TIRANA",  41.3331,   19.7831,    89.0,198303,   641, , ,D,000157
ALE00100939,                                "TIRANA",  41.3331,   19.7831,    89.0,198304,   709, , ,D,000157
ALE00100939,                                "TIRANA",  41.3331,   19.7831,    89.0,198305,   726, , ,D,000157
ALE00100939,                                "TIRANA",  41.3331,   19.7831,    89.0,198306,  1512, , ,D,000157
ALE00100939,                                "TIRANA",  41.3331,   19.7831,    89.0,198307,   173, , ,D,000157
ALE00100939,                                "TIRANA",  41.3331,   19.7831,    89.0,198308,   592, , ,D,000157
ALE00100939,                                "TIRANA",  41.3331,   19.7831,    89.0,198309,  1491, , ,D,000157
ALE00100939,                                "TIRANA",  41.3331,   19.7831,    89.0,198310,   982, , ,D,000157
ALE00100939,                                "TIRANA",  41.3331,   19.7831,    89.0,198311,   994, , ,D,000157
ALE00100939,                                "TIRANA",  41.3331,   19.7831,    89.0,198312,   992, , ,D,000157
ALE00100939,                                "TIRANA",  41.3331,   19.7831,    89.0,198401,  2080, , ,D,000157
ALE00100939,                                "TIRANA",  41.3331,   19.7831,    89.0,198402,  1526, , ,D,000157
ALE00100939,                                "TIRANA",  41.3331,   19.7831,    89.0,198403,  1651, , ,D,000157
ALE00100939,                                "TIRANA",  41.3331,   19.7831,    89.0,198404,   683, , ,D,000157
ALE00100939,                                "TIRANA",  41.3331,   19.7831,    89.0,198405,   513, , ,D,000157
ALE00100939,                                "TIRANA",  41.3331,   19.7831,    89.0,198406,   224, , ,D,000157
ALE00100939,                                "TIRANA",  41.3331,   19.7831,    89.0,198407,   211, , ,D,000157
ALE00100939,                                "TIRANA",  41.3331,   19.7831,    89.0,198408,   751, , ,D,000157
ALE00100939,                                "TIRANA",  41.3331,   19.7831,    89.0,198409,  1635, , ,D,000157
ALE00100939,                                "TIRANA",  41.3331,   19.7831,    89.0,198410,   102, , ,D,000157
ALE00100939,                                "TIRANA",  41.3331,   19.7831,    89.0,198411,  1013, , ,D,000157
ALE00100939,                                "TIRANA",  41.3331,   19.7831,    89.0,198412,   570, , ,D,000157
ALE00100939,                                "TIRANA",  41.3331,   19.7831,    89.0,198501,  2433, , ,D,000157
ALE00100939,                                "TIRANA",  41.3331,   19.7831,    89.0,198502,   962, , ,D,000157
ALE00100939,                                "TIRANA",  41.3331,   19.7831,    89.0,198503,  1380, , ,D,000157
ALE00100939,                                "TIRANA",  41.3331,   19.7831,    89.0,198504,   765, , ,D,000157
ALE00100939,                                "TIRANA",  41.3331,   19.7831,    89.0,198505,   352, , ,D,000157
ALE00100939,                                "TIRANA",  41.3331,   19.7831,    89.0,198506,   313, , ,D,000157
ALE00100939,                                "TIRANA",  41.3331,   19.7831,    89.0,198507,    35, , ,D,000157
ALE00100939,                                "TIRANA",  41.3331,   19.7831,    89.0,198508,   442, , ,D,000157
ALE00100939,                                "TIRANA",  41.3331,   19.7831,    89.0,198509,  1055, , ,D,000157
ALE00100939,                                "TIRANA",  41.3331,   19.7831,    89.0,198510,   130, , ,D,000157
ALE00100939,                                "TIRANA",  41.3331,   19.7831,    89.0,198511,  3833, , ,D,000157
ALE00100939,                                "TIRANA",  41.3331,   19.7831,    89.0,198512,   780, , ,D,000157
ALE00100939,                                "TIRANA",  41.3331,   19.7831,    89.0,198601,  2324, , ,D,000157
ALE00100939,                                "TIRANA",  41.3331,   19.7831,    89.0,198602,  1458, , ,D,000157
ALE00100939,                                "TIRANA",  41.3331,   19.7831,    89.0,198603,  1185, , ,D,000157
ALE00100939,                                "TIRANA",  41.3331,   19.7831,    89.0,198604,  1622, , ,D,000157
ALE00100939,                                "TIRANA",  41.3331,   19.7831,    89.0,198605,   391, , ,D,000157
ALE00100939,                                "TIRANA",  41.3331,   19.7831,    89.0,198606,   747, , ,D,000157
ALE00100939,                                "TIRANA",  41.3331,   19.7831,    89.0,198607,   392, , ,D,000157
ALE00100939,                                "TIRANA",  41.3331,   19.7831,    89.0,198608,     0, , ,D,000157
ALE00100939,                                "TIRANA",  41.3331,   19.7831,    89.0,198609,   825, , ,D,000157
ALE00100939,                                "TIRANA",  41.3331,   19.7831,    89.0,198610,   455, , ,D,000157
ALE00100939,                                "TIRANA",  41.3331,   19.7831,    89.0,198611,   171, , ,D,000157
ALE00100939,                                "TIRANA",  41.3331,   19.7831,    89.0,198612,   799, , ,D,000157
ALE00100939,                                "TIRANA",  41.3331,   19.7831,    89.0,198701,  1749, , ,D,000157
ALE00100939,                                "TIRANA",  41.3331,   19.7831,    89.0,198702,   572, , ,D,000157
ALE00100939,                                "TIRANA",  41.3331,   19.7831,    89.0,198703,  1286, , ,D,000157
ALE00100939,                                "TIRANA",  41.3331,   19.7831,    89.0,198704,   469, , ,D,000157
ALE00100939,                                "TIRANA",  41.3331,   19.7831,    89.0,198705,  1383, , ,D,000157
ALE00100939,                                "TIRANA",  41.3331,   19.7831,    89.0,198706,   506, , ,D,000157
ALE00100939,                                "TIRANA",  41.3331,   19.7831,    89.0,198707,   376, , ,D,000157
ALE00100939,                                "TIRANA",  41.3331,   19.7831,    89.0,198708,    41, , ,D,000157
ALE00100939,                                "TIRANA",  41.3331,   19.7831,    89.0,198709,   210, , ,D,000157
ALE00100939,                                "TIRANA",  41.3331,   19.7831,    89.0,198710,  1371, , ,D,000157
ALE00100939,                                "TIRANA",  41.3331,   19.7831,    89.0,198711,   840, , ,D,000157
ALE00100939,                                "TIRANA",  41.3331,   19.7831,    89.0,198712,  1099, , ,D,000157
ALE00100939,                                "TIRANA",  41.3300,   19.7800,    89.0,198801,   565, , ,R,104515
ALE00100939,                                "TIRANA",  41.3300,   19.7800,    89.0,198802,  1512, , ,R,104515
ALE00100939,                                "TIRANA",  41.3300,   19.7800,    89.0,198803,  1304, , ,R,104515
ALE00100939,                                "TIRANA",  41.3300,   19.7800,    89.0,198804,   929, , ,R,104515
ALE00100939,                                "TIRANA",  41.3300,   19.7800,    89.0,198805,   138, , ,R,104515
ALE00100939,                                "TIRANA",  41.3300,   19.7800,    89.0,198806,   628, , ,R,104515
ALE00100939,                                "TIRANA",  41.3300,   19.7800,    89.0,198807,    60, , ,R,104515
ALE00100939,                                "TIRANA",  41.3300,   19.7800,    89.0,198808,   502, , ,R,104515
ALE00100939,                                "TIRANA",  41.3300,   19.7800,    89.0,198809,   995, , ,R,104515
ALE00100939,                                "TIRANA",  41.3300,   19.7800,    89.0,198810,   815, , ,R,104515
ALE00100939,                                "TIRANA",  41.3300,   19.7800,    89.0,198811,  1987, , ,R,104515
ALE00100939,                                "TIRANA",  41.3300,   19.7800,    89.0,198812,   728, , ,R,104515
ALE00100939,                                "TIRANA",  41.3331,   19.7831,    89.0,198901,    24, , ,D,000157
ALE00100939,                                "TIRANA",  41.3331,   19.7831,    89.0,198902,   360, , ,D,000157
ALE00100939,                                "TIRANA",  41.3331,   19.7831,    89.0,198903,   747, , ,D,000157
ALE00100939,                                "TIRANA",  41.3331,   19.7831,    89.0,198904,  1274, , ,D,000157
ALE00100939,                                "TIRANA",  41.3331,   19.7831,    89.0,198905,   728, , ,D,000157
ALE00100939,                                "TIRANA",  41.3331,   19.7831,    89.0,198906,  1165, , ,D,000157
ALE00100939,                                "TIRANA",  41.3331,   19.7831,    89.0,198907,   547, , ,D,000157
ALE00100939,                                "TIRANA",  41.3331,   19.7831,    89.0,198908,   495, , ,D,000157
ALE00100939,                                "TIRANA",  41.3331,   19.7831,    89.0,198909,   478, , ,D,000157
ALE00100939,                                "TIRANA",  41.3331,   19.7831,    89.0,198910,  1666, , ,D,000157
ALE00100939,                                "TIRANA",  41.3331,   19.7831,    89.0,198911,  1187, , ,D,000157
ALE00100939,                                "TIRANA",  41.3331,   19.7831,    89.0,198912,   569, , ,D,000157
ALE00100939,                                "TIRANA",  41.3331,   19.7831,    89.0,199001,   128, , ,D,000157
ALE00100939,                                "TIRANA",  41.3331,   19.7831,    89.0,199002,   785, , ,D,000157
ALE00100939,                                "TIRANA",  41.3331,   19.7831,    89.0,199003,   146, , ,D,000157
ALE00100939,                                "TIRANA",  41.3331,   19.7831,    89.0,199004,  1482, , ,D,000157
ALE00100939,                          "TIRANA RINAS",  41.4150,   19.7210,    38.4,199006,   272,E, ,S,000159
ALE00100939,                                "TIRANA",  41.3300,   19.7800,    89.0,199007,   150, , ,R,104515
ALE00100939,                                "TIRANA",  41.3300,   19.7800,    89.0,199008,   300, , ,R,104515
ALE00100939,                                "TIRANA",  41.3331,   19.7831,    89.0,199009,  1453, , ,D,000157
ALE00100939,                                "TIRANA",  41.3331,   19.7831,    89.0,199010,  1350, , ,D,000157
ALE00100939,                                "TIRANA",  41.3331,   19.7831,    89.0,199011,  1479, , ,D,000157
ALE00100939,                                "TIRANA",  41.3331,   19.7831,    89.0,199012,  2166, , ,D,000157
ALE00100939,                                "TIRANA",  41.3333,   19.7833,    90.0,200901,  2010, , ,M,115699
ALE00100939,                                "TIRANA",  41.3333,   19.7833,    90.0,200902,  1200, , ,M,115699
ALE00100939,                                "TIRANA",  41.3333,   19.7833,    90.0,200903,  1920, , ,M,115699
ALE00100939,                                "TIRANA",  41.3333,   19.7833,    90.0,200904,   430, , ,M,115699
ALE00100939,                                "TIRANA",  41.3333,   19.7833,    90.0,200905,   500, , ,M,115699
ALE00100939,                                "TIRANA",  41.3333,   19.7833,    90.0,200906,  1310, , ,M,115699
ALE00100939,                                "TIRANA",  41.3333,   19.7833,    90.0,200907,  3870, , ,M,115699
ALE00100939,                                "TIRANA",  41.3333,   19.7833,    90.0,200908,  4800, , ,M,115699
ALE00100939,                                "TIRANA",  41.3333,   19.7833,    90.0,200909,  3490, , ,M,115699
ALE00100939,                                "TIRANA",  41.3333,   19.7833,    90.0,200910,  1900, , ,M,115699
ALE00100939,                                "TIRANA",  41.3333,   19.7833,    90.0,200911,  1210, , ,M,115699
ALE00100939,                                "TIRANA",  41.3333,   19.7833,    90.0,200912,  2110, , ,M,115699
ALE00100939,                                "TIRANA",  41.3333,   19.7833,    90.0,201001,  1740, , ,M,115699
ALE00100939,                                "TIRANA",  41.3333,   19.7833,    90.0,201002,  2140, , ,M,115699
ALE00100939,                                "TIRANA",  41.3333,   19.7833,    90.0,201003,  1100, , ,M,115699
ALE00100939,                                "TIRANA",  41.3333,   19.7833,    90.0,201004,  1030, , ,M,115699
ALE00100939,                                "TIRANA",  41.3333,   19.7833,    90.0,201005,   280, , ,M,115699
ALE00100939,                                "TIRANA",  41.3333,   19.7833,    90.0,201006,   420, , ,M,115699
ALE00100939,                                "TIRANA",  41.3333,   19.7833,    90.0,201007,   160, , ,M,115699
ALE00100939,                                "TIRANA",  41.3333,   19.7833,    90.0,201008,     0, , ,M,115699
