AOMLP066318,                           "NOVA LISBOA", -12.8000,   15.7000,  1701.0,194001,    10, , ,R,100804
AOMLP066318,                           "NOVA LISBOA", -12.4600,   15.4400,  1700.0,194002,  1610, , ,R,100803
AOMLP066318,                           "NOVA LISBOA", -12.4600,   15.4400,  1700.0,194003,  1780, , ,R,100803
AOMLP066318,                           "NOVA LISBOA", -12.4600,   15.4400,  1700.0,194004,  1840, , ,R,100803
AOMLP066318,                           "NOVA LISBOA", -12.4600,   15.4400,  1700.0,194005,    90, , ,R,100803
AOMLP066318,                           "NOVA LISBOA", -12.4600,   15.4400,  1700.0,194006,     0, , ,R,100803
AOMLP066318,                           "NOVA LISBOA", -12.4600,   15.4400,  1700.0,194007,     0, , ,R,100803
AOMLP066318,                           "NOVA LISBOA", -12.4600,   15.4400,  1700.0,194008,     0, , ,R,100803
AOMLP066318,                           "NOVA LISBOA", -12.4600,   15.4400,  1700.0,194009,   300, , ,R,100803
AOMLP066318,                           "NOVA LISBOA", -12.4600,   15.4400,  1700.0,194010,  2670, , ,R,100803
AOMLP066318,                           "NOVA LISBOA", -12.4600,   15.4400,  1700.0,194011,  2090, , ,R,100803
AOMLP066318,                           "NOVA LISBOA", -12.4600,   15.4400,  1700.0,194012,  2960, , ,R,100803
AOMLP066318,                           "NOVA LISBOA", -12.4600,   15.4400,  1700.0,194101,   580, , ,R,100803
AOMLP066318,                           "NOVA LISBOA", -12.4600,   15.4400,  1700.0,194102,  3730, , ,R,100803
AOMLP066318,                           "NOVA LISBOA", -12.4600,   15.4400,  1700.0,194103,  1560, , ,R,100803
AOMLP066318,                           "NOVA LISBOA", -12.4600,   15.4400,  1700.0,194104,  1600, , ,R,100803
AOMLP066318,                           "NOVA LISBOA", -12.4600,   15.4400,  1700.0,194105,    20, , ,R,100803
AOMLP066318,                           "NOVA LISBOA", -12.4600,   15.4400,  1700.0,194106,     0, , ,R,100803
AOMLP066318,                           "NOVA LISBOA", -12.4600,   15.4400,  1700.0,194107,     0, , ,R,100803
AOMLP066318,                           "NOVA LISBOA", -12.4600,   15.4400,  1700.0,194108,     0, , ,R,100803
AOMLP066318,                           "NOVA LISBOA", -12.4600,   15.4400,  1700.0,194109,    70, , ,R,100803
AOMLP066318,                           "NOVA LISBOA", -12.4600,   15.4400,  1700.0,194110,  1860, , ,R,100803
AOMLP066318,                           "NOVA LISBOA", -12.4600,   15.4400,  1700.0,194111,   820, , ,R,100803
AOMLP066318,                           "NOVA LISBOA", -12.4600,   15.4400,  1700.0,194112,  1520, , ,R,100803
AOMLP066318,                           "NOVA LISBOA", -12.4600,   15.4400,  1700.0,194201,  2850, , ,R,100803
AOMLP066318,                           "NOVA LISBOA", -12.4600,   15.4400,  1700.0,194202,  1760, , ,R,100803
AOMLP066318,                           "NOVA LISBOA", -12.4600,   15.4400,  1700.0,194203,  2670, , ,R,100803
AOMLP066318,                           "NOVA LISBOA", -12.4600,   15.4400,  1700.0,194204,   510, , ,R,100803
AOMLP066318,                           "NOVA LISBOA", -12.4600,   15.4400,  1700.0,194205,    20, , ,R,100803
AOMLP066318,                           "NOVA LISBOA", -12.4600,   15.4400,  1700.0,194206,     0, , ,R,100803
AOMLP066318,                           "NOVA LISBOA", -12.4600,   15.4400,  1700.0,194207,     0, , ,R,100803
AOMLP066318,                           "NOVA LISBOA", -12.4600,   15.4400,  1700.0,194208,     0, , ,R,100803
AOMLP066318,                           "NOVA LISBOA", -12.4600,   15.4400,  1700.0,194209,   100, , ,R,100803
AOMLP066318,                           "NOVA LISBOA", -12.4600,   15.4400,  1700.0,194210,  1510, , ,R,100803
AOMLP066318,                           "NOVA LISBOA", -12.4600,   15.4400,  1700.0,194211,  2220, , ,R,100803
AOMLP066318,                           "NOVA LISBOA", -12.4600,   15.4400,  1700.0,194212,  2640, , ,R,100803
AOMLP066318,                           "NOVA LISBOA", -12.4600,   15.4400,  1700.0,194301,  2370, , ,R,100803
AOMLP066318,                           "NOVA LISBOA", -12.4600,   15.4400,  1700.0,194302,  1230, , ,R,100803
AOMLP066318,                           "NOVA LISBOA", -12.4600,   15.4400,  1700.0,194303,  2190, , ,R,100803
AOMLP066318,                           "NOVA LISBOA", -12.4600,   15.4400,  1700.0,194304,  1740, , ,R,100803
AOMLP066318,                           "NOVA LISBOA", -12.4600,   15.4400,  1700.0,194305,    30, , ,R,100803
AOMLP066318,                           "NOVA LISBOA", -12.4600,   15.4400,  1700.0,194306,     0, , ,R,100803
AOMLP066318,                           "NOVA LISBOA", -12.4600,   15.4400,  1700.0,194307,    10, , ,R,100803
AOMLP066318,                           "NOVA LISBOA", -12.4600,   15.4400,  1700.0,194308,     0, , ,R,100803
AOMLP066318,                           "NOVA LISBOA", -12.4600,   15.4400,  1700.0,194309,   270, , ,R,100803
AOMLP066318,                           "NOVA LISBOA", -12.4600,   15.4400,  1700.0,194310,   830, , ,R,100803
AOMLP066318,                           "NOVA LISBOA", -12.4600,   15.4400,  1700.0,194311,  2990, , ,R,100803
AOMLP066318,                           "NOVA LISBOA", -12.4600,   15.4400,  1700.0,194312,  2480, , ,R,100803
AOMLP066318,                           "NOVA LISBOA", -12.4600,   15.4400,  1700.0,194401,  1680, , ,R,100803
AOMLP066318,                           "NOVA LISBOA", -12.4600,   15.4400,  1700.0,194402,   950, , ,R,100803
AOMLP066318,                           "NOVA LISBOA", -12.4600,   15.4400,  1700.0,194403,  4060, , ,R,100803
AOMLP066318,                           "NOVA LISBOA", -12.4600,   15.4400,  1700.0,194404,   640, , ,R,100803
AOMLP066318,                           "NOVA LISBOA", -12.4600,   15.4400,  1700.0,194405,     0, , ,R,100803
AOMLP066318,                           "NOVA LISBOA", -12.4600,   15.4400,  1700.0,194406,     0, , ,R,100803
AOMLP066318,                           "NOVA LISBOA", -12.4600,   15.4400,  1700.0,194407,     0, , ,R,100803
AOMLP066318,                           "NOVA LISBOA", -12.4600,   15.4400,  1700.0,194408,    30, , ,R,100803
AOMLP066318,                           "NOVA LISBOA", -12.4600,   15.4400,  1700.0,194409,    80, , ,R,100803
AOMLP066318,                           "NOVA LISBOA", -12.4600,   15.4400,  1700.0,194410,  1320, , ,R,100803
AOMLP066318,                           "NOVA LISBOA", -12.4600,   15.4400,  1700.0,194411,  1880, , ,R,100803
AOMLP066318,                           "NOVA LISBOA", -12.4600,   15.4400,  1700.0,194412,   800, , ,R,100803
AOMLP066318,                           "NOVA LISBOA", -12.4600,   15.4400,  1700.0,194501,  3290, , ,R,100803
AOMLP066318,                           "NOVA LISBOA", -12.4600,   15.4400,  1700.0,194502,  1840, , ,R,100803
AOMLP066318,                           "NOVA LISBOA", -12.4600,   15.4400,  1700.0,194503,  1330, , ,R,100803
AOMLP066318,                           "NOVA LISBOA", -12.4600,   15.4400,  1700.0,194504,   170, , ,R,100803
AOMLP066318,                           "NOVA LISBOA", -12.4600,   15.4400,  1700.0,194505,    30, , ,R,100803
AOMLP066318,                           "NOVA LISBOA", -12.4600,   15.4400,  1700.0,194506,     0, , ,R,100803
AOMLP066318,                           "NOVA LISBOA", -12.4600,   15.4400,  1700.0,194507,     0, , ,R,100803
AOMLP066318,                           "NOVA LISBOA", -12.4600,   15.4400,  1700.0,194508,     0, , ,R,100803
AOMLP066318,                           "NOVA LISBOA", -12.4600,   15.4400,  1700.0,194509,    90, , ,R,100803
AOMLP066318,                           "NOVA LISBOA", -12.4600,   15.4400,  1700.0,194510,  1320, , ,R,100803
AOMLP066318,                           "NOVA LISBOA", -12.4600,   15.4400,  1700.0,194511,  2960, , ,R,100803
AOMLP066318,                           "NOVA LISBOA", -12.4600,   15.4400,  1700.0,194512,  2930, , ,R,100803
AOMLP066318,                           "NOVA LISBOA", -12.4600,   15.4400,  1700.0,194601,  1140, , ,R,100803
AOMLP066318,                           "NOVA LISBOA", -12.4600,   15.4400,  1700.0,194602,  1110, , ,R,100803
AOMLP066318,                           "NOVA LISBOA", -12.4600,   15.4400,  1700.0,194603,  2510, , ,R,100803
AOMLP066318,                           "NOVA LISBOA", -12.4600,   15.4400,  1700.0,194604,  1170, , ,R,100803
AOMLP066318,                           "NOVA LISBOA", -12.4600,   15.4400,  1700.0,194605,    10, , ,R,100803
AOMLP066318,                           "NOVA LISBOA", -12.4600,   15.4400,  1700.0,194606,     0, , ,R,100803
AOMLP066318,                           "NOVA LISBOA", -12.4600,   15.4400,  1700.0,194607,     0, , ,R,100803
AOMLP066318,                           "NOVA LISBOA", -12.4600,   15.4400,  1700.0,194608,     0, , ,R,100803
AOMLP066318,                           "NOVA LISBOA", -12.4600,   15.4400,  1700.0,194609,   290, , ,R,100803
AOMLP066318,                           "NOVA LISBOA", -12.4600,   15.4400,  1700.0,194610,  2160, , ,R,100803
AOMLP066318,                           "NOVA LISBOA", -12.4600,   15.4400,  1700.0,194611,  2560, , ,R,100803
AOMLP066318,                           "NOVA LISBOA", -12.4600,   15.4400,  1700.0,194612,  2900, , ,R,100803
AOMLP066318,                           "NOVA LISBOA", -12.4600,   15.4400,  1700.0,194701,  1720, , ,R,100803
AOMLP066318,                           "NOVA LISBOA", -12.4600,   15.4400,  1700.0,194702,  2730, , ,R,100803
AOMLP066318,                           "NOVA LISBOA", -12.4600,   15.4400,  1700.0,194703,  1970, , ,R,100803
AOMLP066318,                           "NOVA LISBOA", -12.4600,   15.4400,  1700.0,194704,  1700, , ,R,100803
AOMLP066318,                           "NOVA LISBOA", -12.4600,   15.4400,  1700.0,194705,    20, , ,R,100803
AOMLP066318,                           "NOVA LISBOA", -12.4600,   15.4400,  1700.0,194706,     0, , ,R,100803
AOMLP066318,                           "NOVA LISBOA", -12.4600,   15.4400,  1700.0,194707,     0, , ,R,100803
AOMLP066318,                           "NOVA LISBOA", -12.4600,   15.4400,  1700.0,194708,     0, , ,R,100803
AOMLP066318,                           "NOVA LISBOA", -12.4600,   15.4400,  1700.0,194709,   710, , ,R,100803
AOMLP066318,                           "NOVA LISBOA", -12.4600,   15.4400,  1700.0,194710,  1220, , ,R,100803
AOMLP066318,                           "NOVA LISBOA", -12.4600,   15.4400,  1700.0,194711,  1590, , ,R,100803
AOMLP066318,                           "NOVA LISBOA", -12.4600,   15.4400,  1700.0,194712,  1550, , ,R,100803
AOMLP066318,                           "NOVA LISBOA", -12.4600,   15.4400,  1700.0,194801,  1860, , ,R,100803
AOMLP066318,                           "NOVA LISBOA", -12.4600,   15.4400,  1700.0,194802,  2520, , ,R,100803
AOMLP066318,                           "NOVA LISBOA", -12.4600,   15.4400,  1700.0,194803,   880, , ,R,100803
AOMLP066318,                           "NOVA LISBOA", -12.4600,   15.4400,  1700.0,194804,   500, , ,R,100803
AOMLP066318,                           "NOVA LISBOA", -12.4600,   15.4400,  1700.0,194805,   340, , ,R,100803
AOMLP066318,                           "NOVA LISBOA", -12.4600,   15.4400,  1700.0,194806,     0, , ,R,100803
AOMLP066318,                           "NOVA LISBOA", -12.4600,   15.4400,  1700.0,194807,     0, , ,R,100803
AOMLP066318,                           "NOVA LISBOA", -12.4600,   15.4400,  1700.0,194808,     0, , ,R,100803
AOMLP066318,                           "NOVA LISBOA", -12.4600,   15.4400,  1700.0,194809,    10, , ,R,100803
AOMLP066318,                           "NOVA LISBOA", -12.4600,   15.4400,  1700.0,194810,   530, , ,R,100803
AOMLP066318,                           "NOVA LISBOA", -12.4600,   15.4400,  1700.0,194811,  3310, , ,R,100803
AOMLP066318,                           "NOVA LISBOA", -12.4600,   15.4400,  1700.0,194812,  2030, , ,R,100803
AOMLP066318,                           "NOVA LISBOA", -12.4600,   15.4400,  1700.0,194901,  4220, , ,R,100803
AOMLP066318,                           "NOVA LISBOA", -12.4600,   15.4400,  1700.0,194902,  3400, , ,R,100803
AOMLP066318,                           "NOVA LISBOA", -12.4600,   15.4400,  1700.0,194903,  4190, , ,R,100803
AOMLP066318,                           "NOVA LISBOA", -12.4600,   15.4400,  1700.0,194904,   600, , ,R,100803
AOMLP066318,                           "NOVA LISBOA", -12.4600,   15.4400,  1700.0,194905,    10, , ,R,100803
AOMLP066318,                           "NOVA LISBOA", -12.4600,   15.4400,  1700.0,194906,     0, , ,R,100803
AOMLP066318,                           "NOVA LISBOA", -12.4600,   15.4400,  1700.0,194907,    10, , ,R,100803
AOMLP066318,                           "NOVA LISBOA", -12.4600,   15.4400,  1700.0,194908,    90, , ,R,100803
AOMLP066318,                           "NOVA LISBOA", -12.4600,   15.4400,  1700.0,194909,   440, , ,R,100803
AOMLP066318,                           "NOVA LISBOA", -12.4600,   15.4400,  1700.0,194910,  1300, , ,R,100803
AOMLP066318,                           "NOVA LISBOA", -12.4600,   15.4400,  1700.0,194911,  3250, , ,R,100803
AOMLP066318,                           "NOVA LISBOA", -12.4600,   15.4400,  1700.0,194912,  2510, , ,R,100803
AOMLP066318,                           "NOVA LISBOA", -12.4600,   15.4400,  1700.0,195001,  2400, , ,R,100803
AOMLP066318,                           "NOVA LISBOA", -12.4600,   15.4400,  1700.0,195002,   930, , ,R,100803
AOMLP066318,                           "NOVA LISBOA", -12.4600,   15.4400,  1700.0,195003,  3630, , ,R,100803
AOMLP066318,                           "NOVA LISBOA", -12.4600,   15.4400,  1700.0,195004,  1930, , ,R,100803
AOMLP066318,                           "NOVA LISBOA", -12.4600,   15.4400,  1700.0,195005,     0, , ,R,100803
AOMLP066318,                           "NOVA LISBOA", -12.4600,   15.4400,  1700.0,195006,     0, , ,R,100803
AOMLP066318,                           "NOVA LISBOA", -12.4600,   15.4400,  1700.0,195007,     0, , ,R,100803
AOMLP066318,                           "NOVA LISBOA", -12.4600,   15.4400,  1700.0,195008,     0, , ,R,100803
AOMLP066318,                           "NOVA LISBOA", -12.4600,   15.4400,  1700.0,195009,    10, , ,R,100803
AOMLP066318,                           "NOVA LISBOA", -12.4600,   15.4400,  1700.0,195010,   720, , ,R,100803
AOMLP066318,                           "NOVA LISBOA", -12.4600,   15.4400,  1700.0,195011,  2860, , ,R,100803
AOMLP066318,                           "NOVA LISBOA", -12.4600,   15.4400,  1700.0,195012,  4780, , ,R,100803
AOMLP066318,                           "NOVA LISBOA", -12.4600,   15.4400,  1700.0,195101,  3450, , ,R,100803
AOMLP066318,                           "NOVA LISBOA", -12.4600,   15.4400,  1700.0,195102,  2380, , ,R,100803
AOMLP066318,                           "NOVA LISBOA", -12.4600,   15.4400,  1700.0,195103,  5000, , ,R,100803
AOMLP066318,                           "NOVA LISBOA", -12.4600,   15.4400,  1700.0,195104,  4220, , ,R,100803
AOMLP066318,                           "NOVA LISBOA", -12.4600,   15.4400,  1700.0,195105,   510, , ,R,100803
AOMLP066318,                           "NOVA LISBOA", -12.4600,   15.4400,  1700.0,195106,     0, , ,R,100803
AOMLP066318,                           "NOVA LISBOA", -12.4600,   15.4400,  1700.0,195107,     0, , ,R,100803
AOMLP066318,                           "NOVA LISBOA", -12.4600,   15.4400,  1700.0,195108,     0, , ,R,100803
AOMLP066318,                           "NOVA LISBOA", -12.4600,   15.4400,  1700.0,195109,     0, , ,R,100803
AOMLP066318,                           "NOVA LISBOA", -12.4600,   15.4400,  1700.0,195110,  2000, , ,R,100803
AOMLP066318,                           "NOVA LISBOA", -12.4600,   15.4400,  1700.0,195111,  3180, , ,R,100803
AOMLP066318,                           "NOVA LISBOA", -12.4600,   15.4400,  1700.0,195112,  2760, , ,R,100803
AOMLP066318,                           "NOVA LISBOA", -12.4600,   15.4400,  1700.0,195201,   620, , ,R,100803
AOMLP066318,                           "NOVA LISBOA", -12.4600,   15.4400,  1700.0,195202,  1820, , ,R,100803
AOMLP066318,                           "NOVA LISBOA", -12.4600,   15.4400,  1700.0,195203,  1730, , ,R,100803
AOMLP066318,                           "NOVA LISBOA", -12.4600,   15.4400,  1700.0,195204,  1000, , ,R,100803
AOMLP066318,                           "NOVA LISBOA", -12.4600,   15.4400,  1700.0,195205,     0, , ,R,100803
AOMLP066318,                           "NOVA LISBOA", -12.4600,   15.4400,  1700.0,195206,     0, , ,R,100803
AOMLP066318,                           "NOVA LISBOA", -12.4600,   15.4400,  1700.0,195207,     0, , ,R,100803
AOMLP066318,                           "NOVA LISBOA", -12.4600,   15.4400,  1700.0,195208,     0, , ,R,100803
AOMLP066318,                           "NOVA LISBOA", -12.4600,   15.4400,  1700.0,195209,   110, , ,R,100803
AOMLP066318,                           "NOVA LISBOA", -12.4600,   15.4400,  1700.0,195210,  1480, , ,R,100803
AOMLP066318,                           "NOVA LISBOA", -12.4600,   15.4400,  1700.0,195211,  2960, , ,R,100803
AOMLP066318,                           "NOVA LISBOA", -12.4600,   15.4400,  1700.0,195212,  1620, , ,R,100803
AOMLP066318,                           "NOVA LISBOA", -12.4600,   15.4400,  1700.0,195301,  2990, , ,R,100803
AOMLP066318,                           "NOVA LISBOA", -12.4600,   15.4400,  1700.0,195302,  1600, , ,R,100803
AOMLP066318,                           "NOVA LISBOA", -12.4600,   15.4400,  1700.0,195303,  1390, , ,R,100803
AOMLP066318,                           "NOVA LISBOA", -12.4600,   15.4400,  1700.0,195304,  1680, , ,R,100803
AOMLP066318,                           "NOVA LISBOA", -12.4600,   15.4400,  1700.0,195305,    60, , ,R,100803
AOMLP066318,                           "NOVA LISBOA", -12.4600,   15.4400,  1700.0,195306,     0, , ,R,100803
AOMLP066318,                           "NOVA LISBOA", -12.4600,   15.4400,  1700.0,195307,     0, , ,R,100803
AOMLP066318,                           "NOVA LISBOA", -12.4600,   15.4400,  1700.0,195308,    20, , ,R,100803
AOMLP066318,                           "NOVA LISBOA", -12.4600,   15.4400,  1700.0,195309,    10, , ,R,100803
AOMLP066318,                           "NOVA LISBOA", -12.4600,   15.4400,  1700.0,195310,  1090, , ,R,100803
AOMLP066318,                           "NOVA LISBOA", -12.4600,   15.4400,  1700.0,195311,  1400, , ,R,100803
AOMLP066318,                           "NOVA LISBOA", -12.4600,   15.4400,  1700.0,195312,  1270, , ,R,100803
AOMLP066318,                           "NOVA LISBOA", -12.4600,   15.4400,  1700.0,195401,  1970, , ,R,100803
AOMLP066318,                           "NOVA LISBOA", -12.4600,   15.4400,  1700.0,195402,  2020, , ,R,100803
AOMLP066318,                           "NOVA LISBOA", -12.4600,   15.4400,  1700.0,195403,  3400, , ,R,100803
AOMLP066318,                           "NOVA LISBOA", -12.4600,   15.4400,  1700.0,195404,  2300, , ,R,100803
AOMLP066318,                           "NOVA LISBOA", -12.4600,   15.4400,  1700.0,195405,   260, , ,R,100803
AOMLP066318,                           "NOVA LISBOA", -12.4600,   15.4400,  1700.0,195406,     0, , ,R,100803
AOMLP066318,                           "NOVA LISBOA", -12.4600,   15.4400,  1700.0,195407,     0, , ,R,100803
AOMLP066318,                           "NOVA LISBOA", -12.4600,   15.4400,  1700.0,195408,     0, , ,R,100803
AOMLP066318,                           "NOVA LISBOA", -12.4600,   15.4400,  1700.0,195409,   140, , ,R,100803
AOMLP066318,                           "NOVA LISBOA", -12.4600,   15.4400,  1700.0,195410,  1080, , ,R,100803
AOMLP066318,                           "NOVA LISBOA", -12.4600,   15.4400,  1700.0,195411,  2400, , ,R,100803
AOMLP066318,                           "NOVA LISBOA", -12.4600,   15.4400,  1700.0,195412,  1080, , ,R,100803
AOMLP066318,                           "NOVA LISBOA", -12.4600,   15.4400,  1700.0,195501,   740, , ,R,100803
AOMLP066318,                           "NOVA LISBOA", -12.4600,   15.4400,  1700.0,195502,   240, , ,R,100803
AOMLP066318,                           "NOVA LISBOA", -12.4600,   15.4400,  1700.0,195503,  1620, , ,R,100803
AOMLP066318,                           "NOVA LISBOA", -12.4600,   15.4400,  1700.0,195504,  1570, , ,R,100803
AOMLP066318,                           "NOVA LISBOA", -12.4600,   15.4400,  1700.0,195505,   170, , ,R,100803
AOMLP066318,                           "NOVA LISBOA", -12.4600,   15.4400,  1700.0,195506,     0, , ,R,100803
AOMLP066318,                           "NOVA LISBOA", -12.4600,   15.4400,  1700.0,195507,     0, , ,R,100803
AOMLP066318,                           "NOVA LISBOA", -12.4600,   15.4400,  1700.0,195508,     0, , ,R,100803
AOMLP066318,                           "NOVA LISBOA", -12.4600,   15.4400,  1700.0,195509,     0, , ,R,100803
AOMLP066318,                           "NOVA LISBOA", -12.4600,   15.4400,  1700.0,195510,  1040, , ,R,100803
AOMLP066318,                           "NOVA LISBOA", -12.4600,   15.4400,  1700.0,195511,  1890, , ,R,100803
AOMLP066318,                           "NOVA LISBOA", -12.4600,   15.4400,  1700.0,195512,  2340, , ,R,100803
AOMLP066318,                           "NOVA LISBOA", -12.4600,   15.4400,  1700.0,195601,  2580, , ,R,100803
AOMLP066318,                           "NOVA LISBOA", -12.4600,   15.4400,  1700.0,195602,  1340, , ,R,100803
AOMLP066318,                           "NOVA LISBOA", -12.4600,   15.4400,  1700.0,195603,  1340, , ,R,100803
AOMLP066318,                           "NOVA LISBOA", -12.4600,   15.4400,  1700.0,195604,  2610, , ,R,100803
AOMLP066318,                           "NOVA LISBOA", -12.4600,   15.4400,  1700.0,195605,     0, , ,R,100803
AOMLP066318,                           "NOVA LISBOA", -12.4600,   15.4400,  1700.0,195606,     0, , ,R,100803
AOMLP066318,                           "NOVA LISBOA", -12.4600,   15.4400,  1700.0,195607,     0, , ,R,100803
AOMLP066318,                           "NOVA LISBOA", -12.4600,   15.4400,  1700.0,195608,     0, , ,R,100803
AOMLP066318,                           "NOVA LISBOA", -12.4600,   15.4400,  1700.0,195609,   210, , ,R,100803
AOMLP066318,                           "NOVA LISBOA", -12.4600,   15.4400,  1700.0,195610,  1340, , ,R,100803
AOMLP066318,                           "NOVA LISBOA", -12.4600,   15.4400,  1700.0,195611,  1670, , ,R,100803
AOMLP066318,                           "NOVA LISBOA", -12.4600,   15.4400,  1700.0,195612,  2290, , ,R,100803
AOMLP066318,                           "NOVA LISBOA", -12.4600,   15.4400,  1700.0,195701,  1660, , ,R,100803
AOMLP066318,                           "NOVA LISBOA", -12.4600,   15.4400,  1700.0,195702,  1490, , ,R,100803
AOMLP066318,                           "NOVA LISBOA", -12.4600,   15.4400,  1700.0,195703,  1680, , ,R,100803
AOMLP066318,                           "NOVA LISBOA", -12.4600,   15.4400,  1700.0,195704,   720, , ,R,100803
AOMLP066318,                           "NOVA LISBOA", -12.4600,   15.4400,  1700.0,195705,    10, , ,R,100803
AOMLP066318,                           "NOVA LISBOA", -12.4600,   15.4400,  1700.0,195706,     0, , ,R,100803
AOMLP066318,                           "NOVA LISBOA", -12.4600,   15.4400,  1700.0,195707,     0, , ,R,100803
AOMLP066318,                           "NOVA LISBOA", -12.4600,   15.4400,  1700.0,195708,    10, , ,R,100803
AOMLP066318,                           "NOVA LISBOA", -12.4600,   15.4400,  1700.0,195709,   540, , ,R,100803
AOMLP066318,                           "NOVA LISBOA", -12.4600,   15.4400,  1700.0,195710,   670, , ,R,100803
AOMLP066318,                           "NOVA LISBOA", -12.4600,   15.4400,  1700.0,195711,  2350, , ,R,100803
AOMLP066318,                           "NOVA LISBOA", -12.4600,   15.4400,  1700.0,195712,  3330, , ,R,100803
AOMLP066318,                           "NOVA LISBOA", -12.4600,   15.4400,  1700.0,195801,  1450, , ,R,100803
AOMLP066318,                           "NOVA LISBOA", -12.4600,   15.4400,  1700.0,195802,   930, , ,R,100803
AOMLP066318,                           "NOVA LISBOA", -12.4600,   15.4400,  1700.0,195803,  1640, , ,R,100803
AOMLP066318,                           "NOVA LISBOA", -12.4600,   15.4400,  1700.0,195804,   560, , ,R,100803
AOMLP066318,                           "NOVA LISBOA", -12.4600,   15.4400,  1700.0,195805,     0, , ,R,100803
AOMLP066318,                           "NOVA LISBOA", -12.4600,   15.4400,  1700.0,195806,     0, , ,R,100803
AOMLP066318,                           "NOVA LISBOA", -12.4600,   15.4400,  1700.0,195807,     0, , ,R,100803
AOMLP066318,                           "NOVA LISBOA", -12.4600,   15.4400,  1700.0,195808,     0, , ,R,100803
AOMLP066318,                           "NOVA LISBOA", -12.4600,   15.4400,  1700.0,195809,   190, , ,R,100803
AOMLP066318,                           "NOVA LISBOA", -12.4600,   15.4400,  1700.0,195810,  1080, , ,R,100803
AOMLP066318,                           "NOVA LISBOA", -12.4600,   15.4400,  1700.0,195811,  1670, , ,R,100803
AOMLP066318,                           "NOVA LISBOA", -12.4600,   15.4400,  1700.0,195812,  2870, , ,R,100803
AOMLP066318,                           "NOVA LISBOA", -12.4600,   15.4400,  1700.0,195901,  2170, , ,R,100803
AOMLP066318,                           "NOVA LISBOA", -12.4600,   15.4400,  1700.0,195902,  1520, , ,R,100803
AOMLP066318,                           "NOVA LISBOA", -12.4600,   15.4400,  1700.0,195903,  1740, , ,R,100803
AOMLP066318,                           "NOVA LISBOA", -12.4600,   15.4400,  1700.0,195904,  1680, , ,R,100803
AOMLP066318,                           "NOVA LISBOA", -12.4600,   15.4400,  1700.0,195905,  1130, , ,R,100803
AOMLP066318,                           "NOVA LISBOA", -12.4600,   15.4400,  1700.0,195906,     0, , ,R,100803
AOMLP066318,                           "NOVA LISBOA", -12.4600,   15.4400,  1700.0,195907,    10, , ,R,100803
AOMLP066318,                           "NOVA LISBOA", -12.4600,   15.4400,  1700.0,195908,     0, , ,R,100803
AOMLP066318,                           "NOVA LISBOA", -12.4600,   15.4400,  1700.0,195909,   190, , ,R,100803
AOMLP066318,                           "NOVA LISBOA", -12.4600,   15.4400,  1700.0,195910,   350, , ,R,100803
AOMLP066318,                           "NOVA LISBOA", -12.4600,   15.4400,  1700.0,195911,  1770, , ,R,100803
AOMLP066318,                           "NOVA LISBOA", -12.4600,   15.4400,  1700.0,195912,  2240, , ,R,100803
AOMLP066318,                           "NOVA LISBOA", -12.4600,   15.4400,  1700.0,196001,  1990, , ,R,100803
AOMLP066318,                           "NOVA LISBOA", -12.4600,   15.4400,  1700.0,196002,  2470, , ,R,100803
AOMLP066318,                           "NOVA LISBOA", -12.4600,   15.4400,  1700.0,196003,  2250, , ,R,100803
AOMLP066318,                           "NOVA LISBOA", -12.4600,   15.4400,  1700.0,196004,  1460, , ,R,100803
AOMLP066318,                           "NOVA LISBOA", -12.4600,   15.4400,  1700.0,196005,   590, , ,R,100803
AOMLP066318,                           "NOVA LISBOA", -12.4600,   15.4400,  1700.0,196006,     0, , ,R,100803
AOMLP066318,                           "NOVA LISBOA", -12.4600,   15.4400,  1700.0,196007,     0, , ,R,100803
AOMLP066318,                           "NOVA LISBOA", -12.4600,   15.4400,  1700.0,196008,     0, , ,R,100803
AOMLP066318,                           "NOVA LISBOA", -12.4600,   15.4400,  1700.0,196009,   310, , ,R,100803
AOMLP066318,                           "NOVA LISBOA", -12.4600,   15.4400,  1700.0,196010,   780, , ,R,100803
AOMLP066318,                           "NOVA LISBOA", -12.4600,   15.4400,  1700.0,196011,  2660, , ,R,100803
AOMLP066318,                           "NOVA LISBOA", -12.4600,   15.4400,  1700.0,196012,  1930, , ,R,100803
AOMLP066318,                           "NOVA LISBOA", -12.4600,   15.4400,  1700.0,196101,  3480, , ,R,100803
AOMLP066318,                           "NOVA LISBOA", -12.4600,   15.4400,  1700.0,196102,  2420, , ,R,100803
AOMLP066318,                           "NOVA LISBOA", -12.4600,   15.4400,  1700.0,196103,  2850, , ,R,100803
AOMLP066318,                           "NOVA LISBOA", -12.4600,   15.4400,  1700.0,196104,  2100, , ,R,100803
AOMLP066318,                           "NOVA LISBOA", -12.4600,   15.4400,  1700.0,196105,   390, , ,R,100803
AOMLP066318,                           "NOVA LISBOA", -12.4600,   15.4400,  1700.0,196106,     0, , ,R,100803
AOMLP066318,                           "NOVA LISBOA", -12.4600,   15.4400,  1700.0,196107,     0, , ,R,100803
AOMLP066318,                           "NOVA LISBOA", -12.4600,   15.4400,  1700.0,196108,     0, , ,R,100803
AOMLP066318,                           "NOVA LISBOA", -12.4600,   15.4400,  1700.0,196109,   180, , ,R,100803
AOMLP066318,                           "NOVA LISBOA", -12.4600,   15.4400,  1700.0,196110,  1860, , ,R,100803
AOMLP066318,                           "NOVA LISBOA", -12.4600,   15.4400,  1700.0,196111,  2640, , ,R,100803
AOMLP066318,                           "NOVA LISBOA", -12.4600,   15.4400,  1700.0,196112,  3770, , ,R,100803
AOMLP066318,                           "NOVA LISBOA", -12.4600,   15.4400,  1700.0,196201,  2120, , ,R,100803
AOMLP066318,                           "NOVA LISBOA", -12.4600,   15.4400,  1700.0,196202,   740, , ,R,100803
AOMLP066318,                           "NOVA LISBOA", -12.4600,   15.4400,  1700.0,196203,  4200, , ,R,100803
AOMLP066318,                           "NOVA LISBOA", -12.4600,   15.4400,  1700.0,196204,  1810, , ,R,100803
AOMLP066318,                           "NOVA LISBOA", -12.4600,   15.4400,  1700.0,196205,     0, , ,R,100803
AOMLP066318,                           "NOVA LISBOA", -12.4600,   15.4400,  1700.0,196206,     0, , ,R,100803
AOMLP066318,                           "NOVA LISBOA", -12.4600,   15.4400,  1700.0,196207,     0, , ,R,100803
AOMLP066318,                           "NOVA LISBOA", -12.4600,   15.4400,  1700.0,196208,     0, , ,R,100803
AOMLP066318,                           "NOVA LISBOA", -12.4600,   15.4400,  1700.0,196209,   330, , ,R,100803
AOMLP066318,                           "NOVA LISBOA", -12.4600,   15.4400,  1700.0,196210,  1320, , ,R,100803
AOMLP066318,                           "NOVA LISBOA", -12.4600,   15.4400,  1700.0,196211,  2490, , ,R,100803
AOMLP066318,                           "NOVA LISBOA", -12.4600,   15.4400,  1700.0,196212,  2620, , ,R,100803
AOMLP066318,                           "NOVA LISBOA", -12.4600,   15.4400,  1700.0,196301,  2000, , ,R,100803
AOMLP066318,                           "NOVA LISBOA", -12.4600,   15.4400,  1700.0,196302,  1680, , ,R,100803
AOMLP066318,                           "NOVA LISBOA", -12.4600,   15.4400,  1700.0,196303,  2920, , ,R,100803
AOMLP066318,                           "NOVA LISBOA", -12.4600,   15.4400,  1700.0,196304,  1520, , ,R,100803
AOMLP066318,                           "NOVA LISBOA", -12.4600,   15.4400,  1700.0,196305,   100, , ,R,100803
AOMLP066318,                           "NOVA LISBOA", -12.4600,   15.4400,  1700.0,196306,     0, , ,R,100803
AOMLP066318,                           "NOVA LISBOA", -12.4600,   15.4400,  1700.0,196307,     0, , ,R,100803
AOMLP066318,                           "NOVA LISBOA", -12.4600,   15.4400,  1700.0,196308,    10, , ,R,100803
AOMLP066318,                           "NOVA LISBOA", -12.4600,   15.4400,  1700.0,196309,    40, , ,R,100803
AOMLP066318,                           "NOVA LISBOA", -12.4600,   15.4400,  1700.0,196310,  1180, , ,R,100803
AOMLP066318,                           "NOVA LISBOA", -12.4600,   15.4400,  1700.0,196311,  2240, , ,R,100803
AOMLP066318,                           "NOVA LISBOA", -12.4600,   15.4400,  1700.0,196312,  1700, , ,R,100803
AOMLP066318,                           "NOVA LISBOA", -12.4600,   15.4400,  1700.0,196401,  2890, , ,R,100803
AOMLP066318,                           "NOVA LISBOA", -12.4600,   15.4400,  1700.0,196402,  1630, , ,R,100803
AOMLP066318,                           "NOVA LISBOA", -12.4600,   15.4400,  1700.0,196403,  2470, , ,R,100803
AOMLP066318,                           "NOVA LISBOA", -12.4600,   15.4400,  1700.0,196404,   450, , ,R,100803
AOMLP066318,                           "NOVA LISBOA", -12.4600,   15.4400,  1700.0,196405,     0, , ,R,100803
AOMLP066318,                           "NOVA LISBOA", -12.4600,   15.4400,  1700.0,196406,     0, , ,R,100803
AOMLP066318,                           "NOVA LISBOA", -12.4600,   15.4400,  1700.0,196407,     0, , ,R,100803
AOMLP066318,                           "NOVA LISBOA", -12.4600,   15.4400,  1700.0,196408,   180, , ,R,100803
AOMLP066318,                           "NOVA LISBOA", -12.4600,   15.4400,  1700.0,196409,   170, , ,R,100803
AOMLP066318,                           "NOVA LISBOA", -12.4600,   15.4400,  1700.0,196410,   940, , ,R,100803
AOMLP066318,                           "NOVA LISBOA", -12.4600,   15.4400,  1700.0,196411,   960, , ,R,100803
AOMLP066318,                           "NOVA LISBOA", -12.4600,   15.4400,  1700.0,196412,  3260, , ,R,100803
AOMLP066318,                           "NOVA LISBOA", -12.4600,   15.4400,  1700.0,196501,  2780, , ,R,100803
AOMLP066318,                           "NOVA LISBOA", -12.4600,   15.4400,  1700.0,196502,  1990, , ,R,100803
AOMLP066318,                           "NOVA LISBOA", -12.4600,   15.4400,  1700.0,196503,  1900, , ,R,100803
AOMLP066318,                           "NOVA LISBOA", -12.4600,   15.4400,  1700.0,196504,  1150, , ,R,100803
AOMLP066318,                           "NOVA LISBOA", -12.4600,   15.4400,  1700.0,196505,     0, , ,R,100803
AOMLP066318,                           "NOVA LISBOA", -12.4600,   15.4400,  1700.0,196506,     0, , ,R,100803
AOMLP066318,                           "NOVA LISBOA", -12.4600,   15.4400,  1700.0,196507,     0, , ,R,100803
AOMLP066318,                           "NOVA LISBOA", -12.4600,   15.4400,  1700.0,196508,     0, , ,R,100803
AOMLP066318,                           "NOVA LISBOA", -12.4600,   15.4400,  1700.0,196509,   220, , ,R,100803
AOMLP066318,                           "NOVA LISBOA", -12.4600,   15.4400,  1700.0,196510,   600, , ,R,100803
AOMLP066318,                           "NOVA LISBOA", -12.4600,   15.4400,  1700.0,196511,  2220, , ,R,100803
AOMLP066318,                           "NOVA LISBOA", -12.4600,   15.4400,  1700.0,196512,  3140, , ,R,100803
AOMLP066318,                           "NOVA LISBOA", -12.4600,   15.4400,  1700.0,196601,  2260, , ,R,100803
AOMLP066318,                           "NOVA LISBOA", -12.4600,   15.4400,  1700.0,196602,  1260, , ,R,100803
AOMLP066318,                           "NOVA LISBOA", -12.4600,   15.4400,  1700.0,196603,  2520, , ,R,100803
AOMLP066318,                           "NOVA LISBOA", -12.4600,   15.4400,  1700.0,196604,   430, , ,R,100803
AOMLP066318,                           "NOVA LISBOA", -12.4600,   15.4400,  1700.0,196605,   230, , ,R,100803
AOMLP066318,                           "NOVA LISBOA", -12.4600,   15.4400,  1700.0,196606,     0, , ,R,100803
AOMLP066318,                           "NOVA LISBOA", -12.4600,   15.4400,  1700.0,196607,     0, , ,R,100803
AOMLP066318,                           "NOVA LISBOA", -12.4600,   15.4400,  1700.0,196608,     0, , ,R,100803
AOMLP066318,                           "NOVA LISBOA", -12.4600,   15.4400,  1700.0,196609,   330, , ,R,100803
AOMLP066318,                           "NOVA LISBOA", -12.4600,   15.4400,  1700.0,196610,  1300, , ,R,100803
AOMLP066318,                           "NOVA LISBOA", -12.4600,   15.4400,  1700.0,196611,  1010, , ,R,100803
AOMLP066318,                           "NOVA LISBOA", -12.4600,   15.4400,  1700.0,196612,  1880, , ,R,100803
AOMLP066318,                           "NOVA LISBOA", -12.4600,   15.4400,  1700.0,196701,   930, , ,R,100803
AOMLP066318,                           "NOVA LISBOA", -12.4600,   15.4400,  1700.0,196702,  1970, , ,R,100803
AOMLP066318,                           "NOVA LISBOA", -12.4600,   15.4400,  1700.0,196703,  2750, , ,R,100803
AOMLP066318,                           "NOVA LISBOA", -12.4600,   15.4400,  1700.0,196704,  2980, , ,R,100803
AOMLP066318,                           "NOVA LISBOA", -12.4600,   15.4400,  1700.0,196705,    40, , ,R,100803
AOMLP066318,                           "NOVA LISBOA", -12.4600,   15.4400,  1700.0,196706,     0, , ,R,100803
AOMLP066318,                           "NOVA LISBOA", -12.4600,   15.4400,  1700.0,196707,     0, , ,R,100803
AOMLP066318,                           "NOVA LISBOA", -12.4600,   15.4400,  1700.0,196708,    70, , ,R,100803
AOMLP066318,                           "NOVA LISBOA", -12.4600,   15.4400,  1700.0,196709,   150, , ,R,100803
AOMLP066318,                           "NOVA LISBOA", -12.4600,   15.4400,  1700.0,196710,  1270, , ,R,100803
AOMLP066318,                           "NOVA LISBOA", -12.4600,   15.4400,  1700.0,196711,  2650, , ,R,100803
AOMLP066318,                           "NOVA LISBOA", -12.4600,   15.4400,  1700.0,196712,  2630, , ,R,100803
AOMLP066318,                           "NOVA LISBOA", -12.4600,   15.4400,  1700.0,196801,  3070, , ,R,100803
AOMLP066318,                           "NOVA LISBOA", -12.4600,   15.4400,  1700.0,196802,  2070, , ,R,100803
AOMLP066318,                           "NOVA LISBOA", -12.4600,   15.4400,  1700.0,196803,  2400, , ,R,100803
AOMLP066318,                           "NOVA LISBOA", -12.4600,   15.4400,  1700.0,196804,  1230, , ,R,100803
AOMLP066318,                           "NOVA LISBOA", -12.4600,   15.4400,  1700.0,196805,    70, , ,R,100803
AOMLP066318,                           "NOVA LISBOA", -12.4600,   15.4400,  1700.0,196806,     0, , ,R,100803
AOMLP066318,                           "NOVA LISBOA", -12.4600,   15.4400,  1700.0,196807,     0, , ,R,100803
AOMLP066318,                           "NOVA LISBOA", -12.4600,   15.4400,  1700.0,196808,     0, , ,R,100803
AOMLP066318,                           "NOVA LISBOA", -12.4600,   15.4400,  1700.0,196809,   150, , ,R,100803
AOMLP066318,                           "NOVA LISBOA", -12.4600,   15.4400,  1700.0,196810,   700, , ,R,100803
AOMLP066318,                           "NOVA LISBOA", -12.4600,   15.4400,  1700.0,196811,  2550, , ,R,100803
AOMLP066318,                           "NOVA LISBOA", -12.4600,   15.4400,  1700.0,196812,  1700, , ,R,100803
AOMLP066318,                           "NOVA LISBOA", -12.4600,   15.4400,  1700.0,196901,  2480, , ,R,100803
AOMLP066318,                           "NOVA LISBOA", -12.4600,   15.4400,  1700.0,196902,  2170, , ,R,100803
AOMLP066318,                           "NOVA LISBOA", -12.4600,   15.4400,  1700.0,196903,  1200, , ,R,100803
AOMLP066318,                           "NOVA LISBOA", -12.4600,   15.4400,  1700.0,196904,  2140, , ,R,100803
AOMLP066318,                           "NOVA LISBOA", -12.4600,   15.4400,  1700.0,196905,    40, , ,R,100803
AOMLP066318,                           "NOVA LISBOA", -12.4600,   15.4400,  1700.0,196906,     0, , ,R,100803
AOMLP066318,                           "NOVA LISBOA", -12.4600,   15.4400,  1700.0,196907,     0, , ,R,100803
AOMLP066318,                           "NOVA LISBOA", -12.4600,   15.4400,  1700.0,196908,     0, , ,R,100803
AOMLP066318,                           "NOVA LISBOA", -12.4600,   15.4400,  1700.0,196909,   240, , ,R,100803
AOMLP066318,                           "NOVA LISBOA", -12.4600,   15.4400,  1700.0,196910,  1510, , ,R,100803
AOMLP066318,                           "NOVA LISBOA", -12.4600,   15.4400,  1700.0,196911,  2920, , ,R,100803
AOMLP066318,                           "NOVA LISBOA", -12.4600,   15.4400,  1700.0,196912,  2030, , ,R,100803
AOMLP066318,                           "NOVA LISBOA", -12.4600,   15.4400,  1700.0,197001,  2270, , ,R,100803
AOMLP066318,                           "NOVA LISBOA", -12.4600,   15.4400,  1700.0,197002,  1760, , ,R,100803
AOMLP066318,                           "NOVA LISBOA", -12.4600,   15.4400,  1700.0,197003,  1850, , ,R,100803
AOMLP066318,                           "NOVA LISBOA", -12.4600,   15.4400,  1700.0,197004,  1540, , ,R,100803
AOMLP066318,                           "NOVA LISBOA", -12.4600,   15.4400,  1700.0,197005,    50, , ,R,100803
AOMLP066318,                           "NOVA LISBOA", -12.4600,   15.4400,  1700.0,197006,     0, , ,R,100803
AOMLP066318,                           "NOVA LISBOA", -12.4600,   15.4400,  1700.0,197007,     0, , ,R,100803
AOMLP066318,                           "NOVA LISBOA", -12.4600,   15.4400,  1700.0,197008,     0, , ,R,100803
AOMLP066318,                           "NOVA LISBOA", -12.4600,   15.4400,  1700.0,197009,   170, , ,R,100803
AOMLP066318,                           "NOVA LISBOA", -12.4600,   15.4400,  1700.0,197010,  1290, , ,R,100803
AOMLP066318,                           "NOVA LISBOA", -12.4600,   15.4400,  1700.0,197011,  2070, , ,R,100803
AOMLP066318,                           "NOVA LISBOA", -12.4600,   15.4400,  1700.0,197012,  1640, , ,R,100803
AOMLP066318,                           "NOVA LISBOA", -12.4600,   15.4400,  1700.0,197101,  1450, , ,R,100803
AOMLP066318,                           "NOVA LISBOA", -12.4600,   15.4400,  1700.0,197102,  1710, , ,R,100803
AOMLP066318,                           "NOVA LISBOA", -12.4600,   15.4400,  1700.0,197103,  1430, , ,R,100803
AOMLP066318,                           "NOVA LISBOA", -12.4600,   15.4400,  1700.0,197104,   720, , ,R,100803
AOMLP066318,                           "NOVA LISBOA", -12.4600,   15.4400,  1700.0,197105,   200, , ,R,100803
AOMLP066318,                           "NOVA LISBOA", -12.4600,   15.4400,  1700.0,197106,     0, , ,R,100803
AOMLP066318,                           "NOVA LISBOA", -12.4600,   15.4400,  1700.0,197107,     0, , ,R,100803
AOMLP066318,                           "NOVA LISBOA", -12.4600,   15.4400,  1700.0,197108,     0, , ,R,100803
AOMLP066318,                           "NOVA LISBOA", -12.4600,   15.4400,  1700.0,197109,    80, , ,R,100803
AOMLP066318,                           "NOVA LISBOA", -12.4600,   15.4400,  1700.0,197110,  1350, , ,R,100803
AOMLP066318,                           "NOVA LISBOA", -12.4600,   15.4400,  1700.0,197111,  1270, , ,R,100803
AOMLP066318,                           "NOVA LISBOA", -12.4600,   15.4400,  1700.0,197112,  2280, , ,R,100803
AOMLP066318,                           "NOVA LISBOA", -12.4600,   15.4400,  1700.0,197201,  2300, , ,R,100803
AOMLP066318,                           "NOVA LISBOA", -12.4600,   15.4400,  1700.0,197202,   370, , ,R,100803
AOMLP066318,                           "NOVA LISBOA", -12.4600,   15.4400,  1700.0,197203,  2300, , ,R,100803
AOMLP066318,                           "NOVA LISBOA", -12.4600,   15.4400,  1700.0,197204,  1720, , ,R,100803
AOMLP066318,                           "NOVA LISBOA", -12.4600,   15.4400,  1700.0,197205,    80, , ,R,100803
AOMLP066318,                           "NOVA LISBOA", -12.4600,   15.4400,  1700.0,197206,     0, , ,R,100803
AOMLP066318,                           "NOVA LISBOA", -12.4600,   15.4400,  1700.0,197207,     0, , ,R,100803
AOMLP066318,                           "NOVA LISBOA", -12.4600,   15.4400,  1700.0,197208,     0, , ,R,100803
AOMLP066318,                           "NOVA LISBOA", -12.4600,   15.4400,  1700.0,197209,   160, , ,R,100803
AOMLP066318,                           "NOVA LISBOA", -12.4600,   15.4400,  1700.0,197210,  1120, , ,R,100803
AOMLP066318,                           "NOVA LISBOA", -12.4600,   15.4400,  1700.0,197211,  1340, , ,R,100803
AOMLP066318,                           "NOVA LISBOA", -12.4600,   15.4400,  1700.0,197212,  3500, , ,R,100803
AOMLP066318,                           "NOVA LISBOA", -12.4600,   15.4400,  1700.0,197301,  3150, , ,R,100803
AOMLP066318,                           "NOVA LISBOA", -12.4600,   15.4400,  1700.0,197302,   870, , ,R,100803
AOMLP066318,                           "NOVA LISBOA", -12.4600,   15.4400,  1700.0,197303,  1910, , ,R,100803
AOMLP066318,                           "NOVA LISBOA", -12.4600,   15.4400,  1700.0,197304,  1980, , ,R,100803
AOMLP066318,                           "NOVA LISBOA", -12.4600,   15.4400,  1700.0,197305,    40, , ,R,100803
AOMLP066318,                           "NOVA LISBOA", -12.4600,   15.4400,  1700.0,197306,     0, , ,R,100803
AOMLP066318,                           "NOVA LISBOA", -12.4600,   15.4400,  1700.0,197307,     0, , ,R,100803
AOMLP066318,                           "NOVA LISBOA", -12.4600,   15.4400,  1700.0,197308,     0, , ,R,100803
AOMLP066318,                           "NOVA LISBOA", -12.4600,   15.4400,  1700.0,197309,    40, , ,R,100803
AOMLP066318,                           "NOVA LISBOA", -12.4600,   15.4400,  1700.0,197310,  1950, , ,R,100803
AOMLP066318,                           "NOVA LISBOA", -12.4600,   15.4400,  1700.0,197311,   740, , ,R,100803
AOMLP066318,                           "NOVA LISBOA", -12.4600,   15.4400,  1700.0,197312,  1950, , ,R,100803
AOMLP066318,                           "NOVA LISBOA", -12.4600,   15.4400,  1700.0,197401,   500, , ,R,100803
AOMLP066318,                           "NOVA LISBOA", -12.4600,   15.4400,  1700.0,197402,   180, , ,R,100803
AOMLP066318,                           "NOVA LISBOA", -12.4600,   15.4400,  1700.0,197403,  2680, , ,R,100803
AOMLP066318,                           "NOVA LISBOA", -12.4600,   15.4400,  1700.0,197404,  1970, , ,R,100803
AOMLP066318,                           "NOVA LISBOA", -12.4600,   15.4400,  1700.0,197405,    30, , ,R,100803
AOMLP066318,                           "NOVA LISBOA", -12.4600,   15.4400,  1700.0,197406,     0, , ,R,100803
AOMLP066318,                           "NOVA LISBOA", -12.4600,   15.4400,  1700.0,197407,     0, , ,R,100803
AOMLP066318,                           "NOVA LISBOA", -12.4600,   15.4400,  1700.0,197408,    60, , ,R,100803
AOMLP066318,                           "NOVA LISBOA", -12.4600,   15.4400,  1700.0,197409,    80, , ,R,100803
AOMLP066318,                           "NOVA LISBOA", -12.4600,   15.4400,  1700.0,197410,  1430, , ,R,100803
AOMLP066318,                           "NOVA LISBOA", -12.4600,   15.4400,  1700.0,197411,  2050, , ,R,100803
AOMLP066318,                           "NOVA LISBOA", -12.4600,   15.4400,  1700.0,197412,  3810, , ,R,100803
AOMLP066318,                           "NOVA LISBOA", -12.4600,   15.4400,  1700.0,197501,  1690, , ,R,100803
AOMLP066318,                           "NOVA LISBOA", -12.4600,   15.4400,  1700.0,197502,  2690, , ,R,100803
AOMLP066318,                           "NOVA LISBOA", -12.4600,   15.4400,  1700.0,197503,  1550, , ,R,100803
AOMLP066318,                           "NOVA LISBOA", -12.4600,   15.4400,  1700.0,197504,  1470, , ,R,100803
AOMLP066318,                           "NOVA LISBOA", -12.4600,   15.4400,  1700.0,197505,   490, , ,R,100803
AOMLP066318,                           "NOVA LISBOA", -12.4600,   15.4400,  1700.0,197506,     0, , ,R,100803
AOMLP066318,                   "HUAMBO(NOVA LISBOA)", -12.8000,   15.7500,  1700.0,197507,     0, , ,R,100806
AOMLP066318,                   "HUAMBO(NOVA LISBOA)", -12.8000,   15.7500,  1700.0,197606,     0, , ,R,100806
AOMLP066318,                   "HUAMBO(NOVA LISBOA)", -12.8000,   15.7500,  1700.0,197607,     0, , ,R,100806
AOMLP066318,                   "HUAMBO(NOVA LISBOA)", -12.8000,   15.7500,  1700.0,197608,     0, , ,R,100806
AOMLP066318,                           "NOVA LISBOA", -12.4600,   15.4400,  1700.0,197701,  1430, , ,R,100803
AOMLP066318,                           "NOVA LISBOA", -12.4600,   15.4400,  1700.0,197702,  1630, , ,R,100803
AOMLP066318,                           "NOVA LISBOA", -12.4600,   15.4400,  1700.0,197703,  2440, , ,R,100803
AOMLP066318,                           "NOVA LISBOA", -12.4600,   15.4400,  1700.0,197704,  1120, , ,R,100803
AOMLP066318,                           "NOVA LISBOA", -12.4600,   15.4400,  1700.0,197705,     0, , ,R,100803
AOMLP066318,                           "NOVA LISBOA", -12.4600,   15.4400,  1700.0,197706,     0, , ,R,100803
AOMLP066318,                           "NOVA LISBOA", -12.4600,   15.4400,  1700.0,197707,     0, , ,R,100803
AOMLP066318,                           "NOVA LISBOA", -12.4600,   15.4400,  1700.0,197708,     0, , ,R,100803
AOMLP066318,                           "NOVA LISBOA", -12.4600,   15.4400,  1700.0,197709,   320, , ,R,100803
AOMLP066318,                           "NOVA LISBOA", -12.4600,   15.4400,  1700.0,197710,   810, , ,R,100803
AOMLP066318,                           "NOVA LISBOA", -12.4600,   15.4400,  1700.0,197711,  2430, , ,R,100803
AOMLP066318,                           "NOVA LISBOA", -12.4600,   15.4400,  1700.0,197712,   900, , ,R,100803
AOMLP066318,                           "NOVA LISBOA", -12.4600,   15.4400,  1700.0,197801,   260, , ,R,100803
AOMLP066318,                           "NOVA LISBOA", -12.4600,   15.4400,  1700.0,197802,   670, , ,R,100803
AOMLP066318,                           "NOVA LISBOA", -12.4600,   15.4400,  1700.0,197803,  3600, , ,R,100803
AOMLP066318,                           "NOVA LISBOA", -12.4600,   15.4400,  1700.0,197804,  2290, , ,R,100803
AOMLP066318,                           "NOVA LISBOA", -12.4600,   15.4400,  1700.0,197805,     0, , ,R,100803
AOMLP066318,                           "NOVA LISBOA", -12.4600,   15.4400,  1700.0,197806,     0, , ,R,100803
AOMLP066318,                           "NOVA LISBOA", -12.4600,   15.4400,  1700.0,197807,     0, , ,R,100803
AOMLP066318,                           "NOVA LISBOA", -12.4600,   15.4400,  1700.0,197808,    80, , ,R,100803
AOMLP066318,                           "NOVA LISBOA", -12.4600,   15.4400,  1700.0,197809,    90, , ,R,100803
AOMLP066318,                           "NOVA LISBOA", -12.4600,   15.4400,  1700.0,197810,  1230, , ,R,100803
AOMLP066318,                           "NOVA LISBOA", -12.4600,   15.4400,  1700.0,197811,  1990, , ,R,100803
AOMLP066318,                           "NOVA LISBOA", -12.4600,   15.4400,  1700.0,197812,  1690, , ,R,100803
AOMLP066318,                           "NOVA LISBOA", -12.4600,   15.4400,  1700.0,197901,  1890, , ,R,100803
AOMLP066318,                           "NOVA LISBOA", -12.4600,   15.4400,  1700.0,197902,  3140, , ,R,100803
AOMLP066318,                           "NOVA LISBOA", -12.4600,   15.4400,  1700.0,197903,  2950, , ,R,100803
AOMLP066318,                           "NOVA LISBOA", -12.4600,   15.4400,  1700.0,197904,   170, , ,R,100803
AOMLP066318,                           "NOVA LISBOA", -12.4600,   15.4400,  1700.0,197905,     0, , ,R,100803
AOMLP066318,                           "NOVA LISBOA", -12.4600,   15.4400,  1700.0,197906,     0, , ,R,100803
AOMLP066318,                           "NOVA LISBOA", -12.4600,   15.4400,  1700.0,197907,    50, , ,R,100803
AOMLP066318,                           "NOVA LISBOA", -12.4600,   15.4400,  1700.0,197908,   120, , ,R,100803
AOMLP066318,                           "NOVA LISBOA", -12.4600,   15.4400,  1700.0,197909,   400, , ,R,100803
AOMLP066318,                           "NOVA LISBOA", -12.4600,   15.4400,  1700.0,197910,   770, , ,R,100803
AOMLP066318,                           "NOVA LISBOA", -12.4600,   15.4400,  1700.0,197911,  1940, , ,R,100803
AOMLP066318,                           "NOVA LISBOA", -12.4600,   15.4400,  1700.0,197912,  1760, , ,R,100803
AOMLP066318,                           "NOVA LISBOA", -12.4600,   15.4400,  1700.0,198001,  1840, , ,R,100803
AOMLP066318,                           "NOVA LISBOA", -12.4600,   15.4400,  1700.0,198002,  2100, , ,R,100803
AOMLP066318,                           "NOVA LISBOA", -12.4600,   15.4400,  1700.0,198003,   740, , ,R,100803
AOMLP066318,                           "NOVA LISBOA", -12.4600,   15.4400,  1700.0,198004,   950, , ,R,100803
AOMLP066318,                           "NOVA LISBOA", -12.4600,   15.4400,  1700.0,198005,     0, , ,R,100803
AOMLP066318,                           "NOVA LISBOA", -12.4600,   15.4400,  1700.0,198006,     0, , ,R,100803
AOMLP066318,                           "NOVA LISBOA", -12.4600,   15.4400,  1700.0,198007,     0, , ,R,100803
AOMLP066318,                           "NOVA LISBOA", -12.4600,   15.4400,  1700.0,198008,     0, , ,R,100803
AOMLP066318,                           "NOVA LISBOA", -12.4600,   15.4400,  1700.0,198009,   110, , ,R,100803
AOMLP066318,                           "NOVA LISBOA", -12.4600,   15.4400,  1700.0,198010,   690, , ,R,100803
AOMLP066318,                           "NOVA LISBOA", -12.4600,   15.4400,  1700.0,198011,   910, , ,R,100803
AOMLP066318,                           "NOVA LISBOA", -12.4600,   15.4400,  1700.0,198012,   720, , ,R,100803
AOMLP066318,                           "NOVA LISBOA", -12.4600,   15.4400,  1700.0,198101,  2510, , ,R,100803
AOMLP066318,                           "NOVA LISBOA", -12.4600,   15.4400,  1700.0,198102,  1920, , ,R,100803
AOMLP066318,                           "NOVA LISBOA", -12.4600,   15.4400,  1700.0,198103,  2240, , ,R,100803
AOMLP066318,                           "NOVA LISBOA", -12.4600,   15.4400,  1700.0,198104,   710, , ,R,100803
AOMLP066318,                           "NOVA LISBOA", -12.4600,   15.4400,  1700.0,198105,     0, , ,R,100803
AOMLP066318,                           "NOVA LISBOA", -12.4600,   15.4400,  1700.0,198106,     0, , ,R,100803
AOMLP066318,                           "NOVA LISBOA", -12.4600,   15.4400,  1700.0,198107,     0, , ,R,100803
AOMLP066318,                           "NOVA LISBOA", -12.4600,   15.4400,  1700.0,198108,   140, , ,R,100803
AOMLP066318,                           "NOVA LISBOA", -12.4600,   15.4400,  1700.0,198109,     0, , ,R,100803
AOMLP066318,                           "NOVA LISBOA", -12.4600,   15.4400,  1700.0,198110,  1010, , ,R,100803
AOMLP066318,                           "NOVA LISBOA", -12.4600,   15.4400,  1700.0,198111,  1800, , ,R,100803
AOMLP066318,                           "NOVA LISBOA", -12.4600,   15.4400,  1700.0,198112,  2950, , ,R,100803
AOMLP066318,                           "NOVA LISBOA", -12.4600,   15.4400,  1700.0,198201,  2990, , ,R,100803
AOMLP066318,                           "NOVA LISBOA", -12.4600,   15.4400,  1700.0,198202,  2750, , ,R,100803
AOMLP066318,                           "NOVA LISBOA", -12.4600,   15.4400,  1700.0,198203,  1920, , ,R,100803
AOMLP066318,                           "NOVA LISBOA", -12.4600,   15.4400,  1700.0,198204,  2890, , ,R,100803
AOMLP066318,                           "NOVA LISBOA", -12.4600,   15.4400,  1700.0,198205,     0, , ,R,100803
AOMLP066318,                           "NOVA LISBOA", -12.4600,   15.4400,  1700.0,198206,     0, , ,R,100803
AOMLP066318,                           "NOVA LISBOA", -12.4600,   15.4400,  1700.0,198207,     0, , ,R,100803
AOMLP066318,                           "NOVA LISBOA", -12.4600,   15.4400,  1700.0,198208,     0, , ,R,100803
AOMLP066318,                           "NOVA LISBOA", -12.4600,   15.4400,  1700.0,198209,    20, , ,R,100803
AOMLP066318,                           "NOVA LISBOA", -12.4600,   15.4400,  1700.0,198210,  1270, , ,R,100803
AOMLP066318,                           "NOVA LISBOA", -12.4600,   15.4400,  1700.0,198211,  1290, , ,R,100803
AOMLP066318,                           "NOVA LISBOA", -12.4600,   15.4400,  1700.0,198212,     0, , ,R,100803
AOMLP066318,                           "NOVA LISBOA", -12.4600,   15.4400,  1700.0,198302,  1100, , ,R,100803
AOMLP066318,                           "NOVA LISBOA", -12.4600,   15.4400,  1700.0,198304,   740, , ,R,100803
AOMLP066318,                           "NOVA LISBOA", -12.4600,   15.4400,  1700.0,198305,    20, , ,R,100803
AOMLP066318,                           "NOVA LISBOA", -12.4600,   15.4400,  1700.0,198306,    10, , ,R,100803
AOMLP066318,                           "NOVA LISBOA", -12.4600,   15.4400,  1700.0,198307,     0, , ,R,100803
AOMLP066318,                           "NOVA LISBOA", -12.4600,   15.4400,  1700.0,198308,     0, , ,R,100803
AOMLP066318,                           "NOVA LISBOA", -12.4600,   15.4400,  1700.0,198309,   710, , ,R,100803
AOMLP066318,                           "NOVA LISBOA", -12.4600,   15.4400,  1700.0,198310,    10, , ,R,100803
AOMLP066318,                           "NOVA LISBOA", -12.4600,   15.4400,  1700.0,198311,  3390, , ,R,100803
AOMLP066318,                           "NOVA LISBOA", -12.4600,   15.4400,  1700.0,198401,  5200, , ,R,100803
AOMLP066318,                           "NOVA LISBOA", -12.4600,   15.4400,  1700.0,198402,  1990, , ,R,100803
AOMLP066318,                           "NOVA LISBOA", -12.4600,   15.4400,  1700.0,198403,  1910, , ,R,100803
AOMLP066318,                           "NOVA LISBOA", -12.4600,   15.4400,  1700.0,198404,   940, , ,R,100803
AOMLP066318,                           "NOVA LISBOA", -12.4600,   15.4400,  1700.0,198405,  1910, , ,R,100803
AOMLP066318,                           "NOVA LISBOA", -12.4600,   15.4400,  1700.0,198406,     0, , ,R,100803
AOMLP066318,                           "NOVA LISBOA", -12.4600,   15.4400,  1700.0,198407,     0, , ,R,100803
AOMLP066318,                           "NOVA LISBOA", -12.4600,   15.4400,  1700.0,198408,     0, , ,R,100803
AOMLP066318,                           "NOVA LISBOA", -12.4600,   15.4400,  1700.0,198409,    20, , ,R,100803
AOMLP066318,                           "NOVA LISBOA", -12.4600,   15.4400,  1700.0,198410,   620, , ,R,100803
AOMLP066318,                           "NOVA LISBOA", -12.4600,   15.4400,  1700.0,198411,  2110, , ,R,100803
AOMLP066318,                           "NOVA LISBOA", -12.4600,   15.4400,  1700.0,199109,   390, , ,R,100803
AOMLP066318,                           "NOVA LISBOA", -12.4600,   15.4400,  1700.0,199110,  1330, , ,R,100803
AOMLP066318,                           "NOVA LISBOA", -12.4600,   15.4400,  1700.0,199111,  2380, , ,R,100803
AOMLP066318,                           "NOVA LISBOA", -12.4600,   15.4400,  1700.0,199112,  1470, , ,R,100803
AOMLP066318,                           "NOVA LISBOA", -12.4600,   15.4400,  1700.0,199201,  2720, , ,R,100803
AOMLP066318,                           "NOVA LISBOA", -12.4600,   15.4400,  1700.0,199202,  3120, , ,R,100803
AOMLP066318,                           "NOVA LISBOA", -12.4600,   15.4400,  1700.0,199203,     0, , ,R,100803
